Date,UAL_Open,UAL_High,UAL_Low,UAL_Close,UAL_AdjClose,UAL_Volume,SAVE_Open,SAVE_High,SAVE_Low,SAVE_Close,SAVE_AdjClose,SAVE_Volume,AAL_Open,AAL_High,AAL_Low,AAL_Close,AAL_AdjClose,AAL_Volume,DAL_Open,DAL_High,DAL_Low,DAL_Close,DAL_AdjClose,DAL_Volume,LUV_Open,LUV_High,LUV_Low,LUV_Close,LUV_AdjClose,LUV_Volume,JBLU_Open,JBLU_High,JBLU_Low,JBLU_Close,JBLU_AdjClose,JBLU_Volume,UALSocialMedia,SAVESoicalMedia,AALSocialMedia,DALSocialMedia,LUVSocialMedia,JBLUSocialMedia
3/23/15,69.769997,69.870003,63.090000,67.750000,67.750000,26074800,79.980003,79.980003,71.279999,76.639999,76.639999,4504400,55.470001,55.930000,50.250000,52.660000,49.996624,68467400,47.419998,47.590000,42.599998,44.880001,40.481113,54588000,46.410000,46.410000,42.209999,44.240002,42.066158,31191700,19.500000,19.600000,17.959999,19.280001,19.280001,32652700,15,6,20,17,29,9
3/30/15,68.250000,68.750000,61.730000,61.880001,61.880001,21653200,77.199997,78.430000,74.290001,75.709999,75.709999,3988500,53.240002,53.840000,49.150002,49.180000,46.692623,45855000,45.340000,45.900002,42.250000,42.250000,38.108887,52861400,44.650002,44.790001,42.689999,42.860001,40.753963,24490800,19.299999,19.540001,18.670000,18.910000,18.910000,35309300,15,6,20,16,27,9
4/6/15,60.639999,62.919998,59.290001,61.049999,61.049999,32367800,74.379997,76.430000,73.650002,74.959999,74.959999,4017400,48.349998,49.480000,47.490002,47.730000,45.315964,57186200,41.410000,43.970001,41.020000,43.230000,38.992825,59570900,41.770000,43.290001,41.049999,42.820000,40.715923,37312300,18.629999,19.450001,18.340000,19.049999,19.049999,33103400,15,6,20,16,26,9
4/13/15,60.570000,62.939999,59.639999,61.490002,61.490002,24172000,74.580002,77.989998,74.580002,75.080002,75.080002,3633800,47.470001,48.910000,46.880001,48.189999,45.752701,44891100,43.080002,45.400002,42.450001,44.759998,40.372871,66121300,42.520000,43.730000,41.790001,41.790001,39.736546,31368800,19.160000,20.250000,19.160000,19.420000,19.420000,36860800,15,5,20,16,26,8
4/20/15,62.000000,64.949997,61.060001,63.509998,63.509998,34242500,75.389999,77.989998,75.080002,77.419998,77.419998,3473600,48.610001,53.470001,47.910000,52.709999,50.044094,57777000,45.139999,47.380001,44.759998,46.980000,42.375271,48268600,42.230000,44.189999,41.730000,43.490002,41.353001,31174500,19.530001,19.959999,19.230000,19.889999,19.889999,35858000,15,6,20,16,25,9
4/27/15,62.939999,63.470001,57.950001,61.400002,61.400002,28329700,78.720001,78.959999,68.279999,69.489998,69.489998,12797600,52.680000,52.680000,47.660000,49.389999,46.892002,54614400,47.040001,47.099998,44.259998,45.660000,41.184647,50871900,43.439999,43.480000,40.099998,42.599998,40.506733,33205300,20.000000,21.670000,18.969999,21.559999,21.559999,69169100,15,5,19,15,25,8
5/4/15,61.939999,63.900002,57.700001,62.439999,62.439999,24380600,69.120003,71.230003,65.019997,68.139999,68.139999,6230700,49.410000,50.080002,46.150002,49.040001,46.655151,44997400,45.910000,46.500000,42.840000,46.169998,41.644665,59401900,42.570000,43.450001,39.720001,43.230000,41.105782,32455400,21.670000,22.080000,20.719999,21.760000,21.760000,45605400,15,6,20,16,26,9
5/11/15,62.700001,63.639999,61.060001,61.599998,61.599998,18119600,68.209999,69.000000,65.769997,67.110001,67.110001,3999100,49.000000,50.299999,48.400002,48.669998,46.303154,38040800,46.040001,47.980000,45.900002,47.000000,42.480408,55276600,42.950001,43.290001,41.160000,41.889999,39.831631,28088200,21.760000,22.139999,21.299999,21.420000,21.420000,34411300,17,6,22,17,28,9
5/18/15,61.630001,63.220001,53.110001,53.689999,53.689999,49222700,67.660004,69.230003,61.349998,62.340000,62.340000,8021000,48.560001,49.680000,42.020000,42.610001,40.537846,112606400,46.990002,47.869999,42.689999,43.180000,39.027744,85214300,41.930000,42.400002,36.610001,36.860001,35.048790,70249300,21.450001,22.400000,20.030001,20.450001,20.450001,73553700,17,6,22,17,27,9
5/25/15,54.099998,54.799999,51.680000,54.590000,54.590000,29939000,62.400002,63.709999,59.700001,63.570000,63.570000,6317300,43.049999,43.090000,41.320000,42.369999,40.309525,52973800,43.419998,43.470001,41.720001,42.919998,38.792747,54401900,37.189999,37.310001,35.540001,37.049999,35.229446,47371900,20.590000,20.740000,19.309999,20.160000,20.160000,42143100,16,6,21,17,26,9
6/1/15,54.759998,56.889999,53.830002,54.090000,54.090000,31873400,64.459999,66.839996,63.060001,65.370003,65.370003,8218600,42.610001,44.380001,41.709999,41.720001,39.691135,74101700,43.209999,44.790001,42.279999,42.900002,38.774670,69288000,37.110001,38.299999,36.560001,37.169998,35.343548,52220400,20.320000,20.930000,20.049999,20.490000,20.490000,34306200,18,6,23,18,48,10
6/8/15,53.480000,53.599998,49.849998,52.869999,52.869999,35319600,65.150002,65.589996,60.410000,63.849998,63.849998,7381600,41.070000,41.259998,38.450001,40.709999,38.730247,88965000,42.369999,42.619999,38.970001,41.139999,37.183907,76357800,36.889999,37.090000,33.820000,35.000000,33.347691,80484700,20.330000,20.400000,18.330000,19.520000,19.520000,60854300,18,6,23,18,29,10
6/15/15,52.490002,53.959999,50.689999,53.250000,53.250000,21637700,63.400002,63.939999,60.590000,62.330002,62.330002,5693600,40.349998,41.889999,38.910000,41.560001,39.538921,58455100,40.919998,42.810001,40.040001,41.990002,37.952183,43409900,34.709999,34.750000,33.020000,34.220001,32.604523,52352800,19.400000,20.580000,19.209999,20.230000,20.230000,33416400,19,7,24,18,29,9
6/22/15,54.580002,56.270000,53.840000,54.480000,54.480000,24578600,63.990002,66.180000,62.000000,62.299999,62.299999,5702900,42.919998,43.419998,41.330002,41.439999,39.424747,50712200,42.720001,43.709999,42.060001,42.349998,38.277561,46963300,34.709999,35.029999,34.180000,34.320000,32.699791,36076800,20.510000,21.600000,20.430000,20.790001,20.790001,65066200,18,6,23,19,30,9
6/29/15,53.849998,54.889999,50.099998,51.500000,51.500000,28295600,61.610001,63.939999,59.500000,60.959999,60.959999,6186600,40.770000,41.320000,37.799999,39.029999,37.131943,64823300,41.770000,42.450001,38.810001,40.000000,36.153530,60602200,33.720001,34.220001,31.360001,32.509998,30.975237,44412400,20.350000,21.200001,19.530001,20.629999,20.629999,43831200,17,6,23,18,29,11
7/6/15,52.049999,55.689999,52.049999,55.509998,55.509998,26978700,61.279999,63.389999,59.840000,63.279999,63.279999,5218500,39.090000,41.639999,39.080002,41.209999,39.205925,55669200,39.880001,42.720001,39.880001,42.459999,38.376984,49781400,32.470001,34.020000,32.310001,33.830002,32.232933,41914500,20.469999,21.790001,20.440001,21.719999,21.719999,34911700,23,7,24,18,32,10
7/13/15,56.910000,57.389999,53.900002,55.389999,55.389999,26123300,64.419998,64.809998,57.259998,60.160000,60.160000,12746500,41.959999,42.720001,40.389999,41.400002,39.386692,64548600,43.209999,45.099998,42.400002,44.939999,40.618500,69768300,34.869999,35.209999,33.230000,34.759998,33.119019,42853400,22.180000,23.100000,21.620001,22.940001,22.940001,38811100,18,7,23,19,32,10
7/20/15,55.689999,60.000000,54.810001,56.490002,56.490002,36550400,60.029999,62.110001,59.349998,60.330002,60.330002,6436400,41.549999,43.810001,39.619999,39.630001,37.702763,59981300,45.099998,46.639999,43.759998,44.099998,39.859276,42908000,34.900002,38.700001,34.220001,35.000000,33.347691,44886400,23.059999,24.190001,22.570000,22.730000,22.730000,38925800,18,7,23,19,30,10
7/27/15,56.049999,58.910000,55.250000,56.389999,56.389999,23411000,60.110001,61.650002,59.110001,59.820000,59.820000,4621500,39.630001,41.380001,38.900002,40.099998,38.149914,39870500,43.599998,45.330002,43.049999,44.340000,40.076187,36552400,34.820000,36.540001,34.330002,36.200001,34.491039,38198300,22.480000,23.320000,21.400000,22.980000,22.980000,42729900,18,6,23,18,29,10
8/3/15,56.860001,59.849998,56.610001,56.740002,56.740002,21885100,59.549999,62.000000,58.669998,59.080002,59.080002,5741200,40.240002,43.450001,40.209999,41.490002,39.472317,43181300,44.680000,47.099998,44.570000,46.349998,41.892914,42616500,36.660000,38.500000,36.540001,37.580002,35.805893,40773200,23.070000,24.049999,22.980000,23.299999,23.299999,33136600,18,6,23,19,29,10
8/10/15,57.419998,59.139999,55.070000,58.529999,58.529999,18036600,59.959999,62.410000,58.250000,60.270000,60.270000,4441900,41.750000,43.419998,40.680000,42.880001,40.889896,39094300,46.730000,47.959999,44.770000,47.630001,43.175587,43464600,37.950001,39.410000,36.840000,39.360001,37.501865,38115400,23.580000,24.219999,22.340000,24.000000,24.000000,32567000,18,6,23,19,30,10
8/17/15,58.490002,60.119999,54.959999,55.090000,55.090000,22396800,60.320000,62.410000,54.630001,55.029999,55.029999,4726000,42.959999,44.450001,39.750000,39.750000,37.905155,48223900,47.770000,48.299999,43.590000,43.599998,39.522476,49995600,39.299999,40.869999,37.820000,37.910000,36.120300,48101300,23.950001,24.639999,21.600000,21.670000,21.670000,39750900,17,6,22,18,27,9
8/24/15,50.759998,57.349998,49.200001,57.119999,57.119999,42436300,50.580002,56.650002,46.270000,50.639999,50.639999,10422300,36.000000,39.900002,34.099998,38.619999,36.827610,73731400,39.500000,44.349998,34.610001,43.939999,39.830673,61968600,35.189999,38.340000,32.939999,37.099998,35.414211,53761600,18.330000,22.740000,16.260000,22.299999,22.299999,44324900,15,6,20,17,25,9
8/31/15,57.180000,58.139999,55.799999,56.689999,56.689999,107111800,50.139999,52.240002,50.139999,51.200001,51.200001,5112500,38.630001,41.910000,38.500000,40.599998,38.715710,67413000,43.970001,46.549999,43.299999,45.400002,41.154129,54748500,37.070000,38.169998,36.000000,37.230000,35.538307,38061000,22.260000,23.840000,21.590000,23.719999,23.719999,34727800,15,6,20,16,25,9
9/7/15,57.740002,58.930000,56.340000,56.830002,56.830002,26685300,52.000000,52.160000,48.430000,48.790001,48.790001,5599000,41.279999,42.180000,40.630001,42.150002,40.193779,41112800,46.220001,47.189999,45.900002,46.919998,42.531979,33576600,37.779999,38.990002,37.680000,38.540001,36.788780,26490900,24.070000,25.889999,24.049999,25.680000,25.680000,37143100,17,6,20,16,25,8
9/14/15,56.889999,62.209999,56.419998,60.310001,60.310001,38645400,48.799999,52.759998,48.349998,50.700001,50.700001,5178100,42.169998,44.590000,41.840000,43.490002,41.471588,47356500,46.970001,48.180000,46.310001,46.669998,42.305359,44952000,38.529999,40.000000,38.459999,39.470001,37.676521,33123500,25.549999,27.360001,25.500000,26.910000,26.910000,50048800,15,6,21,16,27,8
9/21/15,60.360001,61.240002,54.950001,55.419998,55.419998,27182400,51.340000,51.840000,47.759998,48.720001,48.720001,3652000,43.720001,44.009998,39.919998,40.240002,38.372433,45451900,46.770000,47.669998,45.060001,46.040001,41.734276,36627000,39.490002,39.869999,37.750000,38.090000,36.359226,28588000,27.000000,27.160000,26.010000,26.660000,26.660000,32654200,15,6,19,16,27,8
9/28/15,55.209999,55.240002,50.950001,51.759998,51.759998,30934100,48.330002,48.590000,45.750000,47.700001,47.700001,4391700,39.869999,40.180000,37.419998,38.630001,36.837154,54389800,45.869999,45.939999,43.349998,44.869999,40.673698,43417200,37.810001,38.459999,36.950001,38.380001,36.636047,34400400,26.020000,26.360001,24.860001,26.219999,26.219999,35676200,15,6,19,16,25,9
10/5/15,52.029999,56.099998,49.759998,55.709999,55.709999,37033000,47.880001,51.279999,46.910000,50.799999,50.799999,4560300,38.900002,42.490002,37.759998,42.419998,40.451252,58064900,45.220001,47.330002,44.470001,47.209999,42.794849,49068900,38.650002,40.360001,37.570000,39.939999,38.125168,39943200,26.490000,26.780001,24.850000,26.100000,26.100000,37394100,15,6,21,17,26,9
10/12/15,56.099998,58.750000,55.049999,55.970001,55.970001,37033400,50.799999,51.259998,42.340000,42.380001,42.380001,10547500,42.590000,44.500000,42.520000,43.709999,41.681381,55577700,47.520000,49.480000,47.520000,49.119999,44.526230,62204200,39.880001,41.490002,39.880001,40.560001,38.716999,34676200,26.219999,27.090000,23.629999,24.100000,24.100000,49909100,15,6,21,17,31,8
10/19/15,55.900002,59.799999,54.139999,59.680000,59.680000,41190500,42.900002,44.500000,39.119999,39.790001,39.790001,11939200,43.830002,46.419998,43.619999,45.669998,43.550407,58207100,49.209999,51.660000,49.130001,51.000000,46.230412,48377700,40.560001,45.400002,40.520000,45.230000,43.174786,44002400,24.230000,25.270000,23.990000,24.969999,24.969999,30332500,15,6,21,16,24,8
10/26/15,59.419998,61.869999,58.599998,60.310001,60.310001,27644600,39.209999,39.500000,33.799999,37.119999,37.119999,23486100,45.360001,46.770000,44.990002,46.220001,44.074883,39304100,50.889999,51.480000,49.540001,50.840000,46.085373,33609900,45.080002,46.950001,44.750000,46.290001,44.186623,31971300,25.280001,26.270000,23.790001,24.840000,24.840000,48974600,14,6,19,15,24,8
11/2/15,60.610001,61.750000,59.689999,61.490002,61.490002,26095800,36.820000,37.669998,34.290001,36.560001,36.560001,10485800,46.200001,47.090000,45.029999,45.340000,43.235729,38788200,50.900002,52.000000,50.320000,51.200001,46.411713,39002500,46.470001,47.320000,46.310001,46.849998,44.721180,25616000,24.990000,26.299999,24.920000,26.090000,26.090000,39572200,14,6,20,16,25,8
11/9/15,61.160000,61.419998,58.439999,58.799999,58.799999,14185700,36.419998,36.599998,33.130001,33.770000,33.770000,7198600,45.169998,45.209999,43.119999,43.450001,41.522804,31000100,50.930000,51.000000,48.750000,48.990002,44.526260,37581900,46.720001,47.240002,45.619999,45.889999,43.804798,22795500,26.000000,26.879999,25.100000,25.200001,25.200001,26449700,15,5,19,15,23,8
11/16/15,57.369999,59.299999,56.509998,58.810001,58.810001,22286200,33.419998,37.410000,32.730000,36.160000,36.160000,12159900,42.410000,43.459999,41.009998,42.200001,40.328247,43070200,47.860001,49.060001,46.650002,48.759998,44.317207,48444600,45.259998,47.400002,44.680000,47.320000,45.169823,26566000,24.889999,26.100000,24.530001,25.850000,25.850000,26275900,14,6,19,15,23,8
11/23/15,58.849998,59.230000,55.930000,56.820000,56.820000,16127900,36.040001,37.240002,34.990002,36.200001,36.200001,5242300,42.110001,42.740002,40.450001,41.689999,39.840862,19087300,49.000000,49.189999,46.369999,47.139999,42.844818,27701500,47.450001,47.759998,45.410000,45.820000,43.737984,20198100,25.959999,26.110001,24.750000,25.219999,25.219999,15194000,13,5,18,13,21,7
11/30/15,56.820000,59.340000,55.529999,58.939999,58.939999,23721300,35.259998,43.669998,35.250000,43.009998,43.009998,14617500,41.750000,44.990002,40.980000,44.970001,42.975384,40070400,47.209999,49.799999,46.439999,49.779999,45.244267,52287700,45.900002,49.450001,45.400002,49.410000,47.164864,31784500,25.350000,26.150000,24.600000,25.480000,25.480000,29981200,14,5,19,15,23,8
12/7/15,59.959999,61.490002,56.910000,57.029999,57.029999,26856000,43.570000,44.450001,38.639999,41.590000,41.590000,11804200,45.349998,46.490002,42.060001,42.090000,40.223133,44147200,50.270000,51.919998,49.139999,49.279999,44.789833,54184600,49.880001,51.340000,43.220001,43.419998,41.447037,54730700,25.840000,27.000000,23.420000,23.440001,23.440001,43745300,13,5,17,14,22,7
12/14/15,57.369999,59.650002,55.330002,56.919998,56.919998,22573000,42.590000,44.259998,40.029999,40.410000,40.410000,12518700,42.259998,43.950001,40.700001,41.090000,39.267483,50733700,49.520000,52.770000,48.759998,49.959999,45.407875,53042500,43.650002,45.220001,42.660000,42.740002,40.859745,30289500,23.790001,23.799999,22.500000,22.559999,22.559999,33899900,14,5,19,15,21,8
12/21/15,57.419998,60.439999,56.650002,59.779999,59.779999,13621500,40.930000,43.860001,40.540001,43.330002,43.330002,5550200,41.349998,44.189999,41.349998,43.810001,41.866833,21702800,50.459999,52.650002,50.419998,52.259998,47.498299,25245500,43.240002,44.439999,42.919998,43.900002,41.968716,15493300,22.740000,23.559999,22.670000,23.330000,23.330000,15899600,15,6,22,16,24,8
12/28/15,59.790001,60.200001,56.720001,57.299999,57.299999,11537700,43.330002,43.599998,39.299999,39.849998,39.849998,4523400,43.619999,44.040001,41.830002,42.349998,40.471588,20432300,52.410000,52.720001,50.349998,50.689999,46.071354,20566800,43.930000,44.419998,42.750000,43.060001,41.165661,11422600,23.299999,23.559999,22.549999,22.650000,22.650000,15906100,18,6,26,17,28,9
1/4/16,55.790001,56.340000,51.759998,51.889999,51.889999,30039400,38.919998,43.389999,38.439999,38.540001,38.540001,11961800,41.290001,41.700001,39.680000,40.369999,38.579407,55111200,49.419998,49.750000,46.490002,46.610001,42.363102,59407700,41.700001,43.500000,41.180000,42.209999,40.353062,37522000,22.040001,22.139999,20.200001,20.280001,20.280001,38834300,15,6,22,16,27,11
1/11/16,52.200001,52.549999,44.930000,45.669998,45.669998,47275300,38.580002,39.919998,35.169998,38.580002,38.580002,10868100,40.560001,42.740002,38.369999,38.759998,37.040825,71913400,46.990002,47.500000,43.450001,44.500000,40.445370,63187900,42.299999,42.980000,38.840000,39.770000,38.020405,34634100,20.360001,21.070000,19.469999,20.690001,20.690001,39238500,13,6,20,14,25,10
1/18/16,46.509998,47.730000,42.169998,46.720001,46.720001,38951700,39.000000,45.619999,37.500000,43.400002,43.400002,15050400,39.590000,40.720001,36.200001,40.160000,38.378731,43623700,45.799999,47.490002,42.540001,46.759998,42.499435,60179100,40.669998,41.500000,37.139999,39.000000,37.284279,38735700,21.000000,21.580000,19.430000,21.510000,21.510000,34508600,15,6,23,17,27,10
1/25/16,46.910000,49.410000,45.270000,48.279999,48.279999,36135600,43.419998,43.500000,38.419998,41.799999,41.799999,7404300,40.020000,40.869999,36.599998,38.990002,37.260632,66468000,47.590000,47.619999,42.419998,44.290001,40.254494,54774400,39.349998,39.380001,35.509998,37.619999,35.964996,43150100,21.660000,21.969999,19.600000,21.309999,21.309999,46731600,13,6,21,15,24,9
2/1/16,47.709999,49.200001,45.049999,46.860001,46.860001,31200200,41.669998,45.950001,40.450001,42.430000,42.430000,9234600,39.000000,39.939999,35.759998,36.750000,35.119984,55487700,44.730000,45.580002,41.669998,42.009998,38.182236,51311300,37.619999,38.590000,35.509998,35.689999,34.119892,36217300,20.940001,22.490000,19.549999,19.700001,19.700001,41736100,13,6,19,15,23,9
2/8/16,45.900002,48.799999,44.000000,48.349998,48.349998,33848900,41.919998,44.980000,38.459999,44.430000,44.430000,11793600,36.080002,37.980000,34.759998,37.820000,36.142506,49588100,41.310001,43.779999,40.029999,42.990002,39.072952,56461900,35.130001,36.250000,33.959999,36.240002,34.645702,36373800,19.260000,21.260000,18.510000,21.250000,21.250000,40951200,12,6,19,15,24,9
2/15/16,48.720001,55.060001,47.799999,53.820000,53.820000,24116300,45.000000,48.590000,44.450001,46.869999,46.869999,6340500,38.130001,40.070000,37.529999,39.759998,38.100147,36238200,43.490002,47.150002,43.090000,46.720001,42.597767,39992700,36.599998,39.459999,36.340000,39.310001,37.580643,26710100,21.590000,21.750000,20.959999,21.360001,21.360001,23303500,13,6,21,16,25,9
2/22/16,54.130001,57.169998,53.959999,56.580002,56.580002,25731100,47.250000,48.980000,45.639999,48.070000,48.070000,6366100,40.139999,41.599998,39.389999,40.869999,39.163799,36936800,46.720001,49.450001,46.720001,47.860001,43.637177,51204700,39.560001,42.860001,39.560001,42.169998,40.314816,39645900,21.549999,23.670000,21.549999,22.299999,22.299999,33077300,14,6,20,16,26,9
2/29/16,56.380001,58.950001,56.009998,58.000000,58.000000,26627700,47.820000,51.630001,47.320000,49.740002,49.740002,5126100,40.770000,42.240002,40.500000,41.630001,39.892078,39877700,47.750000,49.250000,47.400002,48.669998,44.375706,42339000,41.930000,42.790001,41.189999,41.500000,39.674297,33264200,22.139999,22.670000,21.660000,21.980000,21.980000,24933200,14,6,21,16,25,9
3/7/16,57.549999,58.410000,55.290001,58.369999,58.369999,24152800,49.279999,49.910000,45.759998,47.709999,47.709999,6274500,41.310001,42.500000,40.049999,42.470001,40.697014,35440000,48.240002,48.480000,46.009998,47.689999,43.482182,45386300,41.130001,43.459999,39.990002,43.330002,41.497986,34050700,21.950001,21.990000,19.490000,20.160000,20.160000,48171100,14,7,21,16,25,9
3/14/16,58.000000,60.669998,57.419998,60.410000,60.410000,22998500,47.639999,49.560001,46.220001,49.320000,49.320000,4808300,42.310001,43.529999,41.590000,43.439999,41.626507,33512900,47.500000,50.299999,47.320000,50.049999,45.633949,35990600,43.169998,44.580002,43.099998,44.500000,42.618515,32643900,19.980000,20.480000,19.809999,20.309999,20.309999,29506000,14,6,21,16,25,9
3/21/16,60.380001,61.410000,57.200001,57.840000,57.840000,18739900,50.020000,50.150002,46.240002,47.279999,47.279999,4610900,43.320000,43.779999,40.189999,40.500000,38.809242,33576500,50.040001,50.500000,47.360001,47.840000,43.618942,38559300,44.500000,45.389999,43.270000,44.060001,42.197113,22838000,20.270000,20.910000,19.650000,20.240000,20.240000,26659600,15,6,22,16,26,9
3/28/16,57.950001,61.389999,56.189999,56.720001,56.720001,23991100,47.049999,48.750000,46.700001,47.000000,47.000000,4183300,41.000000,42.070000,39.270000,39.520000,37.870159,38655700,47.900002,50.080002,46.740002,47.009998,42.862171,39451700,44.080002,45.369999,43.560001,44.560001,42.675983,26604300,20.170000,21.540001,20.160000,21.330000,21.330000,29897000,14,6,21,16,25,9
4/4/16,56.590000,57.599998,52.930000,53.080002,53.080002,20877100,47.250000,49.330002,45.500000,46.720001,46.720001,4434600,39.810001,40.240002,37.910000,38.500000,36.892742,35423700,47.110001,48.320000,45.410000,46.290001,42.205696,36192000,44.759998,45.110001,43.090000,44.500000,42.618515,24987400,21.129999,21.230000,19.129999,19.370001,19.370001,34018400,14,6,20,15,23,9
4/11/16,53.380001,57.840000,53.279999,56.900002,56.900002,18409800,46.389999,50.169998,45.000000,50.110001,50.110001,5449900,38.790001,41.660000,38.669998,40.910000,39.202126,43967400,46.869999,49.799999,46.500000,47.500000,43.308937,55746200,44.750000,47.180000,44.230000,47.040001,45.051128,31833900,19.469999,20.959999,18.879999,20.830000,20.830000,35808800,13,6,21,16,24,8
4/18/16,57.779999,58.900002,50.200001,50.740002,50.740002,46702900,50.099998,53.529999,49.259998,49.700001,49.700001,7833200,41.180000,41.759998,37.009998,38.209999,36.614849,48636200,47.650002,47.650002,43.160000,44.619999,40.683060,58409800,47.450001,48.000000,46.160000,47.250000,45.252247,35478500,20.930000,21.389999,19.850000,20.440001,20.440001,27109000,14,6,20,15,22,8
4/25/16,51.060001,51.450001,45.580002,45.810001,45.810001,35528700,49.740002,52.200001,43.009998,43.930000,43.930000,8354300,38.160000,38.400002,34.099998,34.689999,33.241791,67311800,44.520000,44.880001,41.220001,41.669998,37.993340,56305800,47.299999,47.650002,43.459999,44.610001,42.723858,38403200,20.330000,20.990000,18.930000,19.790001,19.790001,42315000,13,6,20,15,22,8
5/2/16,46.610001,47.540001,44.009998,45.700001,45.700001,35822300,45.480000,45.680000,40.480000,41.080002,41.080002,6301700,34.990002,35.169998,32.189999,33.029999,31.651098,57271600,42.110001,43.200001,40.950001,42.040001,38.330696,60994900,44.630001,45.000000,40.740002,41.730000,39.965622,31832400,19.850000,20.000000,18.680000,19.000000,19.000000,24604200,14,6,22,16,24,9
5/9/16,45.880001,47.400002,43.330002,43.840000,43.840000,28162100,41.310001,42.790001,38.849998,40.029999,40.029999,5110000,33.029999,34.040001,31.080000,31.510000,30.281847,49946200,42.110001,43.310001,40.639999,41.599998,37.929512,53061700,41.790001,43.610001,40.849998,41.560001,39.802818,29041300,19.000000,19.639999,18.059999,18.280001,18.280001,34798200,15,6,22,16,26,9
5/16/16,44.320000,46.279999,43.509998,44.490002,44.490002,25335300,40.110001,42.970001,39.880001,42.320000,42.320000,6058400,31.809999,33.360001,30.990000,32.009998,30.762354,50990900,42.549999,44.660000,42.049999,43.099998,39.423756,53714400,41.610001,43.240002,41.320000,42.189999,40.406185,27145700,18.320000,18.680000,17.670000,18.110001,18.110001,30411200,15,7,23,17,26,9
5/23/16,44.540001,45.939999,44.139999,45.180000,45.180000,19609500,42.230000,43.619999,41.650002,43.540001,43.540001,2782300,32.029999,32.900002,31.370001,31.650000,30.416388,36659400,43.000000,44.110001,42.400002,43.119999,39.442062,36209500,42.189999,43.290001,41.570000,42.330002,40.540257,20140700,18.000000,18.330000,17.610001,18.250000,18.250000,25329900,16,7,22,17,26,9
5/30/16,45.130001,45.590000,43.599998,44.299999,44.299999,19057900,43.610001,44.580002,42.200001,42.939999,42.939999,2755800,31.750000,32.259998,30.370001,30.809999,29.609127,35271600,43.250000,43.709999,41.250000,41.570000,38.024273,42424200,42.349998,42.650002,41.110001,41.689999,39.927326,18434300,18.209999,18.240000,17.530001,17.730000,17.730000,18649300,16,7,23,16,24,9
6/6/16,44.200001,46.910000,43.529999,46.080002,46.080002,24844600,42.939999,46.919998,41.950001,45.810001,45.810001,5624900,30.770000,33.580002,30.379999,33.139999,31.848307,45373300,41.540001,42.810001,41.000000,42.040001,38.454178,51252000,41.500000,44.330002,41.209999,43.630001,41.785297,26711300,17.680000,18.770000,17.639999,18.090000,18.090000,28771400,15,7,23,17,31,9
6/13/16,45.590000,45.880001,41.459999,42.619999,42.619999,37503800,45.040001,45.130001,41.139999,42.480000,42.480000,5733000,32.990002,32.990002,28.850000,29.340000,28.196426,64719400,41.590000,41.700001,37.680000,38.009998,34.767910,60300700,43.220001,43.490002,39.180000,39.740002,38.151283,41019500,17.730000,17.900000,16.260000,16.299999,16.299999,30756900,15,7,23,17,27,9
6/20/16,43.070000,45.919998,41.040001,41.060001,41.060001,34219800,44.439999,44.990002,41.459999,42.290001,42.290001,6007600,29.750000,30.490000,27.040001,27.049999,25.995686,69147900,38.430000,39.160000,35.169998,35.180000,32.179314,65995400,40.049999,40.880001,37.740002,38.310001,36.778458,51865400,16.469999,16.660000,15.320000,15.460000,15.460000,32802300,16,6,24,18,28,9
6/27/16,40.639999,41.799999,37.410000,41.369999,41.369999,39247900,41.990002,46.240002,40.490002,46.060001,46.060001,4986600,26.850000,29.520000,24.850000,29.330000,28.186813,82603300,34.840000,37.000000,32.599998,36.770000,33.633678,84940600,37.980000,39.770000,36.480000,39.599998,38.016869,41656500,15.300000,16.830000,14.760000,16.639999,16.639999,35135200,16,7,24,18,26,10
7/4/16,40.799999,41.730000,37.639999,41.480000,41.480000,23293100,45.320000,46.419998,42.810001,46.029999,46.029999,4273100,29.090000,30.280001,27.120001,30.040001,28.869146,53663600,36.000000,37.750000,34.080002,37.369999,34.182510,50176300,39.740002,40.910000,38.150002,40.540001,38.919300,19233900,16.600000,17.209999,15.980000,17.110001,17.110001,20040800,14,6,23,17,26,9
7/11/16,41.880001,47.939999,41.720001,47.430000,47.430000,32819500,46.459999,50.090000,46.180000,47.459999,47.459999,5891000,30.230000,36.189999,30.219999,35.889999,34.491123,79806700,37.669998,41.349998,37.599998,39.980000,36.569889,79148100,40.939999,45.000000,40.810001,43.160000,41.434563,32816400,17.129999,18.860001,17.059999,18.639999,18.639999,39157300,15,7,24,17,28,10
7/18/16,47.580002,49.869999,46.020000,47.570000,47.570000,27607100,47.490002,48.250000,41.209999,43.759998,43.759998,8877000,36.029999,36.730000,34.439999,36.360001,34.942806,60796100,40.169998,41.220001,38.270000,38.959999,35.636883,54103400,43.290001,43.560001,37.009998,37.830002,36.317642,70619400,18.570000,18.780001,17.260000,17.580000,17.580000,27232200,16,6,23,17,40,9
7/25/16,47.520000,48.110001,46.730000,46.889999,46.889999,17133800,43.610001,45.389999,42.439999,42.750000,42.750000,7584200,36.349998,36.740002,35.500000,35.500000,34.116333,40726500,39.169998,39.900002,38.250000,38.750000,35.444813,42693400,37.840000,38.299999,37.009998,37.009998,35.530422,43634500,17.620001,18.940001,16.799999,18.330000,18.330000,42354100,16,6,24,17,28,10
8/1/16,46.770000,48.480000,44.150002,48.410000,48.410000,24715300,42.799999,42.980000,38.939999,40.910000,40.910000,7675200,35.540001,35.750000,33.000000,34.439999,33.097645,50235500,38.919998,39.509998,36.020000,37.669998,34.456917,56875700,37.160000,37.869999,35.419998,37.849998,36.336842,39886600,18.420000,18.500000,16.770000,17.260000,17.260000,30869400,15,6,23,17,27,10
8/8/16,48.389999,49.470001,46.529999,47.099998,47.099998,17459200,40.980000,41.650002,39.820000,39.980000,39.980000,4517400,34.220001,35.500000,33.740002,34.919998,33.659374,34057800,37.459999,38.240002,36.240002,36.349998,33.249500,43264300,37.770000,38.029999,36.419998,36.520000,35.060020,30945200,17.370001,17.430000,16.879999,16.889999,16.889999,18644900,16,6,23,32,27,10
8/15/16,47.160000,48.480000,46.939999,47.090000,47.090000,17964000,40.049999,40.860001,39.340000,39.750000,39.750000,4503700,34.959999,36.790001,34.900002,36.490002,35.172699,36492400,36.349998,37.529999,35.840000,36.770000,33.818016,50148900,36.500000,36.950001,36.299999,36.349998,34.896801,29170400,16.910000,17.250000,16.150000,16.160000,16.160000,26631600,15,6,22,17,25,9
8/22/16,46.950001,47.959999,46.560001,46.869999,46.869999,12505400,39.750000,40.560001,39.150002,39.279999,39.279999,3674500,36.330002,36.990002,35.860001,36.230000,34.922092,28240600,36.529999,37.130001,35.900002,36.090000,33.192616,40744500,36.340000,36.849998,36.049999,36.270000,34.914680,22449600,16.100000,16.240000,15.740000,15.810000,15.810000,21881800,14,6,20,17,25,9
8/29/16,47.060001,51.529999,46.810001,51.090000,51.090000,28280200,39.470001,40.830002,37.790001,39.810001,39.810001,5604600,36.130001,37.349998,35.349998,36.529999,35.211254,44751400,36.270000,37.599998,36.020000,37.169998,34.185905,46792500,36.410000,37.619999,36.320000,36.889999,35.511509,27501600,15.850000,16.270000,15.700000,15.850000,15.850000,20416100,14,6,21,15,24,9
9/5/16,50.970001,54.529999,50.770000,52.450001,52.450001,21637900,39.869999,41.389999,38.340000,38.360001,38.360001,5478400,36.450001,39.520000,36.360001,38.490002,37.100506,35001800,37.230000,39.389999,36.650002,37.750000,34.719349,46942500,36.889999,39.060001,36.560001,37.340000,35.944695,34377700,15.850000,16.980000,15.770000,16.219999,16.219999,27637100,13,5,19,14,22,8
9/12/16,51.689999,53.439999,50.369999,51.000000,51.000000,29710900,38.090000,39.860001,37.200001,37.230000,37.230000,5708000,37.220001,38.380001,35.470001,35.490002,34.208805,47860600,37.240002,38.590000,36.590000,36.770000,33.818016,48661900,36.939999,38.090000,36.450001,36.590000,35.222717,27687400,15.940000,17.600000,15.860000,17.150000,17.150000,44906800,13,5,19,15,23,8
9/19/16,51.139999,52.040001,49.299999,50.950001,50.950001,20848500,37.599998,39.889999,37.169998,39.720001,39.720001,6927000,35.660000,36.110001,33.900002,35.549999,34.266632,34538900,36.910000,38.959999,36.849998,38.779999,35.666649,42607400,36.709999,37.669998,36.310001,37.240002,35.848423,24866100,17.200001,17.650000,16.940001,17.270000,17.270000,25543600,13,5,19,14,21,8
9/26/16,50.529999,52.930000,49.279999,52.470001,52.470001,23428800,39.990002,42.860001,39.450001,42.529999,42.529999,9583700,35.189999,36.990002,34.860001,36.610001,35.288368,32326000,38.520000,40.230000,37.910000,39.360001,36.200096,44073700,36.970001,39.180000,36.610001,38.889999,37.436771,37777400,17.110001,17.910000,16.809999,17.240000,17.240000,37155600,13,6,19,14,21,8
10/3/16,52.240002,55.250000,52.000000,52.820000,52.820000,17980600,42.480000,45.430000,41.849998,42.240002,42.240002,5671900,36.459999,38.779999,36.330002,37.730000,36.367935,32951000,39.250000,41.380001,38.799999,38.950001,35.823009,51408900,38.849998,40.490002,38.180000,38.470001,37.032471,35296700,17.170000,18.190001,17.150000,17.389999,17.389999,24462900,13,6,20,15,26,9
10/10/16,53.060001,54.939999,51.340000,53.200001,53.200001,30742100,42.419998,43.970001,41.419998,43.779999,43.779999,4647300,37.950001,39.990002,36.799999,38.650002,37.254730,48029100,39.209999,40.880001,37.910000,40.040001,36.825500,67695600,38.500000,42.410000,38.459999,41.320000,39.775970,41980500,17.420000,18.469999,17.320000,17.840000,17.840000,32329200,13,5,18,14,21,8
10/17/16,53.450001,56.810001,52.439999,55.599998,55.599998,38745100,44.270000,47.580002,43.689999,47.509998,47.509998,8702200,38.660000,40.930000,38.369999,39.900002,38.459599,53581800,39.740002,41.540001,39.049999,41.169998,37.864777,61447700,41.400002,42.470001,41.160000,42.430000,40.844494,33861800,17.799999,18.629999,17.700001,18.570000,18.570000,26173100,12,6,18,14,21,9
10/24/16,55.910000,56.250000,52.209999,55.110001,55.110001,22130500,47.529999,49.740002,46.770000,48.049999,48.049999,10817600,40.250000,40.570000,38.209999,40.060001,38.613827,35851300,41.389999,42.410000,40.049999,41.340000,38.021126,49607800,42.520000,42.930000,36.910000,39.180000,37.715935,92562000,18.670000,19.320000,17.110001,17.260000,17.260000,43802000,12,6,19,14,20,7
10/31/16,55.619999,57.689999,54.970001,57.230000,57.230000,22716200,48.169998,48.709999,46.849998,47.020000,47.020000,4566400,40.310001,40.849998,39.240002,39.740002,38.305378,32988300,41.720001,43.240002,41.130001,42.880001,39.437496,48903700,39.490002,40.930000,39.150002,40.380001,38.871090,35326500,17.270000,17.559999,16.850000,17.010000,17.010000,22856600,12,6,17,13,20,7
11/7/16,57.959999,61.599998,57.549999,60.250000,60.250000,24783300,47.750000,52.040001,46.799999,51.900002,51.900002,6823300,40.389999,43.389999,40.310001,42.930000,41.484688,37741500,43.400002,46.950001,43.029999,46.380001,42.656513,65590600,41.000000,43.849998,40.709999,43.840000,42.201805,43229700,17.260000,19.480000,17.180000,19.250000,19.250000,33003800,11,5,16,13,18,7
11/14/16,60.540001,68.470001,60.369999,68.290001,68.290001,31898000,52.290001,55.099998,51.930000,53.740002,53.740002,5322700,43.009998,46.490002,42.980000,46.259998,44.702568,43461000,46.619999,49.240002,46.610001,48.900002,45.181152,49792700,43.900002,47.299999,43.880001,47.060001,45.301476,40267200,19.250000,20.860001,19.240000,20.730000,20.730000,34813000,13,6,18,15,21,10
11/21/16,68.220001,70.180000,67.760002,70.089996,70.089996,19162400,54.020000,54.820000,52.790001,54.220001,54.220001,3407900,46.459999,46.950001,45.700001,46.820000,45.243721,20018800,48.980000,49.410000,48.509998,49.240002,45.495293,24571900,47.080002,47.990002,46.130001,47.450001,45.676907,21977300,20.920000,21.250000,20.590000,21.059999,21.059999,16168000,12,5,18,15,21,8
11/28/16,69.949997,70.150002,67.580002,69.269997,69.269997,17458500,53.900002,56.939999,52.990002,56.250000,56.250000,6761800,46.639999,47.139999,45.419998,46.099998,44.547966,34099500,49.080002,49.349998,46.849998,48.310001,44.636013,44202500,47.410000,48.240002,44.700001,47.910000,46.119709,25763600,21.000000,21.139999,19.910000,20.930000,20.930000,30997700,13,5,18,16,22,8
12/5/16,69.910004,76.129997,68.000000,75.169998,75.169998,19854100,56.709999,60.400002,55.200001,59.060001,59.060001,4368300,46.450001,50.639999,45.580002,49.639999,47.968777,36892000,48.509998,52.759998,47.590000,51.779999,47.842117,47066200,48.080002,50.680000,47.040001,49.790001,47.929455,30390300,21.059999,22.530001,20.639999,21.900000,21.900000,34071000,12,5,17,14,20,9
12/12/16,74.300003,76.800003,72.000000,74.419998,74.419998,21043400,58.650002,60.139999,56.430000,57.400002,57.400002,5106900,49.160000,49.950001,47.439999,47.630001,46.026451,36915600,51.029999,51.740002,49.580002,50.160000,46.345318,47400900,49.360001,51.310001,48.900002,49.930000,48.166557,38123000,21.719999,23.120001,21.450001,22.180000,22.180000,46054200,14,5,20,16,21,9
12/19/16,74.250000,76.309998,73.769997,74.790001,74.790001,10888600,57.500000,59.669998,57.310001,58.779999,58.779999,2879600,47.889999,49.900002,47.740002,48.480000,46.847832,19905900,50.220001,51.150002,49.660000,49.889999,46.095848,24705900,50.259998,51.189999,49.720001,50.450001,48.668198,15218800,22.240000,22.860001,22.110001,22.270000,22.270000,21101000,16,6,21,20,25,9
12/26/16,74.779999,75.220001,72.370003,72.879997,72.879997,6032400,58.930000,58.930000,56.590000,57.860001,57.860001,2052800,48.290001,48.919998,46.470001,46.689999,45.118092,15155700,49.950001,50.610001,48.869999,49.189999,45.449097,15766500,50.459999,50.959999,49.529999,49.840000,48.079742,10484500,22.270000,22.590000,21.910000,22.420000,22.420000,14170100,13,6,19,16,23,9
1/2/17,74.019997,74.019997,69.750000,71.370003,71.370003,11944000,57.150002,58.990002,55.610001,56.270000,56.270000,4562600,47.279999,47.439999,45.470001,46.209999,44.654255,26682900,49.369999,50.930000,49.169998,49.680000,45.901833,26050700,50.400002,52.119999,49.450001,49.930000,48.166557,21948100,22.660000,22.830000,21.590000,21.830000,21.830000,24161600,15,7,22,18,28,11
1/9/17,71.059998,76.750000,70.879997,74.320000,74.320000,17762700,56.480000,58.919998,54.790001,56.580002,56.580002,5873400,46.009998,49.900002,45.779999,47.650002,46.045776,28137700,49.459999,52.000000,49.419998,51.230000,47.333946,45440400,50.000000,52.200001,49.799999,51.150002,49.343475,25148600,21.670000,23.150000,21.500000,21.760000,21.760000,30636600,15,7,22,18,26,11
1/16/17,73.940002,75.480003,72.410004,75.239998,75.239998,14454700,56.259998,57.070000,54.419998,56.680000,56.680000,4043200,47.560001,48.160000,46.650002,48.000000,46.383995,19868400,50.990002,51.220001,49.619999,50.500000,46.659470,29289100,50.880001,51.340000,49.700001,51.090000,49.285595,19551100,21.549999,21.740000,20.870001,21.410000,21.410000,22636100,13,6,19,15,24,9
1/23/17,74.660004,76.000000,72.639999,74.419998,74.419998,19684500,56.689999,58.759998,54.070000,54.250000,54.250000,4588800,47.900002,50.000000,46.720001,46.950001,45.369350,44030600,50.279999,51.540001,48.770000,49.700001,45.920311,39005100,51.029999,54.180000,48.709999,52.700001,50.838726,42395000,21.389999,22.730000,19.520000,19.650000,19.650000,62908000,14,6,19,15,23,9
1/30/17,72.989998,73.250000,69.339996,73.059998,73.059998,18398000,53.520000,55.040001,52.500000,54.939999,54.939999,5093000,45.619999,45.919998,43.570000,44.200001,42.711933,50427000,48.950001,48.950001,46.480000,47.810001,44.174042,48084900,52.130001,53.580002,51.169998,52.880001,51.012367,27810300,19.049999,20.070000,18.940001,19.500000,19.500000,33512000,12,6,17,18,22,8
2/6/17,73.400002,74.779999,70.730003,72.599998,72.599998,17579100,55.040001,56.119999,52.029999,53.880001,53.880001,8912300,44.799999,46.700001,44.509998,46.450001,44.886181,28076500,48.189999,49.570000,47.730000,49.259998,45.513767,32372000,53.169998,54.869999,52.360001,54.709999,52.777744,23529400,19.700001,20.160000,18.709999,19.799999,19.799999,38797900,13,6,19,16,23,9
2/13/17,72.849998,76.300003,72.000000,75.959999,75.959999,14913500,53.860001,54.959999,50.500000,51.380001,51.380001,6943000,46.560001,48.049999,46.430000,46.910000,45.431519,31088500,49.369999,51.959999,49.099998,51.230000,47.333946,38350200,54.840000,58.060001,54.840000,57.320000,55.295563,31961500,19.830000,20.320000,19.410000,20.110001,20.110001,27267300,13,7,19,16,24,9
2/20/17,75.900002,76.459999,73.540001,75.080002,75.080002,11390700,51.500000,52.150002,50.669998,51.919998,51.919998,2795400,47.009998,47.320000,45.580002,46.279999,44.821369,20208200,51.299999,51.529999,49.880001,50.459999,46.622513,25377200,57.599998,58.560001,56.369999,58.540001,56.472469,19250800,20.139999,20.190001,19.280001,19.570000,19.570000,23249200,13,7,19,16,25,9
2/27/17,74.910004,76.650002,73.209999,75.589996,75.589996,15736800,51.930000,54.349998,51.029999,52.619999,52.619999,6024900,46.180000,48.139999,45.639999,46.820000,45.344345,32192600,50.330002,51.869999,49.720001,50.130001,46.501484,52367100,58.340000,59.680000,57.529999,58.860001,56.781174,27221400,19.520000,20.650000,19.430000,20.200001,20.200001,31385700,14,7,20,16,25,10
3/6/17,74.849998,74.849998,71.639999,72.339996,72.339996,21456100,52.599998,52.959999,50.959999,52.009998,52.009998,4855100,46.410000,46.680000,42.970001,43.900002,42.516388,37594700,49.500000,49.849998,46.959999,47.910000,44.442173,43854400,58.509998,58.599998,54.410000,55.880001,53.906422,37604600,20.139999,20.299999,19.049999,20.040001,20.040001,45787300,14,7,20,18,24,10
3/13/17,72.190002,72.699997,64.320000,66.790001,66.790001,40957800,51.770000,52.630001,48.290001,50.910000,50.910000,4743000,43.730000,44.119999,40.209999,41.720001,40.405098,50321100,47.900002,48.220001,45.230000,46.509998,43.143501,59435500,55.720001,56.180000,51.820000,53.180000,51.391064,39791100,19.920000,20.480000,19.250000,20.160000,20.160000,38459800,15,7,22,19,25,10
3/20/17,67.150002,68.559998,64.160004,67.930000,67.930000,21249400,50.900002,51.320000,49.270000,50.700001,50.700001,3969600,42.180000,42.419998,39.209999,41.730000,40.414783,40224700,47.230000,47.230000,44.470001,46.000000,42.670422,40176800,53.509998,53.750000,51.110001,52.610001,50.840229,23689000,20.270000,20.420000,19.309999,19.940001,19.940001,24416400,14,6,20,17,26,9
3/27/17,66.720001,71.190002,66.260002,70.639999,70.639999,16195100,49.779999,53.320000,49.549999,53.070000,53.070000,3020200,41.070000,42.939999,40.560001,42.299999,40.966808,26676800,45.369999,46.799999,45.080002,45.959999,42.633316,34627100,52.000000,54.540001,51.700001,53.759998,51.951557,21352800,19.719999,21.040001,19.620001,20.610001,20.610001,25436800,16,6,20,18,26,9
4/3/17,70.690002,71.419998,69.419998,70.879997,70.879997,12591400,53.070000,53.299999,50.680000,51.849998,51.849998,4736200,42.330002,42.570000,40.820000,41.810001,40.492260,27796700,45.959999,46.340000,44.750000,45.169998,41.900509,39564700,53.720001,54.869999,52.880001,54.540001,52.705307,23224800,20.650000,21.240000,20.309999,21.100000,21.100000,27156600,14,6,21,23,26,10
4/10/17,70.550003,72.099998,68.360001,69.070000,69.070000,33965000,51.720001,54.970001,50.860001,53.509998,53.509998,4871300,41.810001,45.349998,41.619999,43.349998,41.983711,30416100,45.070000,47.169998,43.810001,44.029999,40.843018,49679000,54.400002,56.570000,53.590000,54.310001,52.483051,20864000,21.230000,21.870001,20.730000,20.730000,20.730000,25594800,100,6,21,21,26,9
4/17/17,69.510002,70.980003,67.550003,69.559998,69.559998,29911000,53.709999,58.959999,53.209999,58.459999,58.459999,6359800,43.470001,45.500000,43.360001,45.150002,43.727001,27438000,44.130001,46.169998,43.970001,45.529999,42.234440,37677500,54.450001,56.150002,53.810001,55.630001,53.758640,17460600,20.940001,21.600000,20.590000,21.530001,21.530001,22420200,23,6,22,17,23,8
4/24/17,70.500000,72.070000,68.620003,70.209999,70.209999,21319900,59.189999,59.540001,56.619999,57.270000,57.270000,7724700,45.500000,47.389999,42.410000,42.619999,41.276730,50670100,46.500000,47.549999,44.860001,45.439999,42.150955,46995200,56.200001,57.840000,54.520000,56.220001,54.328800,29565600,21.830000,22.740000,21.469999,21.830000,21.830000,41329400,19,6,22,18,23,8
5/1/17,70.559998,75.360001,70.239998,75.300003,75.300003,16494900,57.799999,60.279999,57.270000,59.189999,59.189999,4699800,42.759998,44.520000,42.009998,44.509998,43.107159,33077100,45.590000,49.029999,45.400002,48.700001,45.174992,41964900,56.520000,58.650002,56.169998,58.400002,56.435463,19345900,21.760000,22.090000,21.280001,21.510000,21.510000,28397800,17,6,21,21,24,9
5/8/17,75.339996,79.150002,74.769997,76.410004,76.410004,17063800,59.040001,59.759998,54.330002,55.090000,55.090000,8945100,44.599998,47.779999,44.520000,45.830002,44.385555,34662300,48.730000,50.180000,48.400002,48.990002,45.443996,40977800,58.500000,58.730000,57.090000,57.220001,55.295158,18825000,21.510000,22.150000,21.219999,21.230000,21.230000,23649700,16,9,20,18,24,9
5/15/17,76.199997,79.099998,75.620003,77.980003,77.980003,20158300,55.380001,55.639999,53.349998,53.820000,53.820000,3703800,45.700001,47.130001,44.380001,45.220001,43.889088,30432400,49.119999,49.709999,47.549999,48.200001,44.711182,31444600,57.240002,58.619999,56.830002,58.040001,56.087570,19613500,21.209999,21.540001,20.700001,21.280001,21.280001,22341900,16,6,21,18,25,9
5/22/17,78.440002,81.959999,78.370003,81.250000,81.250000,12418000,54.020000,54.869999,51.889999,54.259998,54.259998,5550600,45.330002,48.820000,45.330002,48.740002,47.305489,22743300,48.369999,50.950001,48.310001,50.799999,47.316517,30479700,58.400002,61.189999,58.259998,60.669998,58.629105,23535700,21.340000,23.120001,21.280001,22.950001,22.950001,24879000,16,7,21,19,25,9
5/29/17,80.900002,83.040001,78.559998,82.029999,82.029999,11617000,54.009998,56.209999,52.320000,55.830002,55.830002,4069600,48.320000,50.470001,47.529999,49.520000,48.062527,22129000,50.590000,51.880001,48.520000,51.189999,47.679771,37916100,60.560001,61.240002,59.130001,60.360001,58.329533,17894900,22.900000,23.040001,22.200001,22.850000,22.850000,16303500,15,7,20,18,24,9
6/5/17,82.040001,82.339996,78.150002,78.830002,78.830002,19565900,55.700001,56.889999,53.500000,54.779999,54.779999,6004100,49.529999,51.950001,48.799999,50.270000,48.790455,30767200,50.990002,53.570000,50.570000,53.009998,49.374969,45498900,60.200001,61.189999,58.410000,59.459999,57.459805,28394800,22.850000,23.100000,22.350000,22.770000,22.770000,16836000,16,7,23,19,38,9
6/12/17,79.019997,79.080002,76.110001,76.779999,76.779999,18425000,54.799999,54.840000,52.360001,52.709999,52.709999,4138500,50.099998,50.220001,48.099998,48.790001,47.354012,28980700,52.950001,52.970001,50.919998,52.000000,48.434227,37176400,59.459999,60.570000,57.630001,60.290001,58.358570,26581900,22.770000,23.370001,22.340000,22.790001,22.790001,21827700,16,7,22,19,28,9
6/19/17,77.129997,79.339996,76.550003,76.790001,76.790001,15643800,53.080002,54.490002,52.020000,52.549999,52.549999,3634900,49.130001,50.560001,48.009998,48.630001,47.198723,36083000,52.099998,53.200001,51.660000,52.919998,49.291145,42893700,60.639999,62.290001,60.240002,61.919998,59.936348,24316700,22.860001,22.969999,22.200001,22.400000,22.400000,20993400,17,7,24,20,27,10
6/26/17,76.870003,78.400002,74.970001,75.250000,75.250000,14922800,52.660000,54.099998,50.889999,51.650002,51.650002,5594200,48.810001,50.509998,48.500000,50.320000,48.838978,25305800,53.020000,54.529999,52.599998,53.740002,50.054916,30995600,62.099998,62.750000,61.230000,62.139999,60.149296,16165800,22.430000,23.299999,22.430000,22.830000,22.830000,18044100,17,7,23,19,25,9
7/3/17,75.849998,79.290001,74.430000,78.940002,78.940002,15423500,51.980000,53.689999,50.990002,53.459999,53.459999,4414400,50.779999,53.380001,50.180000,53.029999,51.469219,21682400,54.259998,55.500000,53.740002,55.459999,51.656967,23039800,62.520000,64.389999,62.049999,64.239998,62.182018,13845700,22.870001,23.549999,22.730000,23.360001,23.360001,13696900,16,7,21,19,23,9
7/10/17,78.489998,81.389999,76.910004,79.849998,79.849998,18258200,53.410000,53.820000,51.950001,53.169998,53.169998,5047500,52.980000,54.480000,51.470001,54.220001,52.624199,27378700,55.040001,55.750000,53.820000,55.130001,51.349598,48001600,62.939999,63.910000,61.400002,61.930000,59.946030,23654400,23.340000,24.129999,22.840000,23.430000,23.430000,24354000,17,7,23,21,26,10
7/17/17,79.660004,80.120003,71.339996,71.570000,71.570000,36056100,52.980000,53.840000,49.360001,50.119999,50.119999,7646200,54.209999,54.279999,51.450001,51.910000,50.382187,22984100,55.200001,55.290001,52.070000,52.259998,48.676399,37807500,61.930000,62.459999,59.889999,60.279999,58.348888,27416300,23.469999,23.590000,22.959999,23.450001,23.450001,22138700,17,7,23,20,26,10
7/24/17,71.230003,71.879997,66.449997,67.879997,67.879997,26368000,50.150002,50.419998,38.849998,39.709999,39.709999,19423700,51.790001,52.029999,48.730000,50.490002,49.003983,33551100,52.160000,52.410000,49.400002,50.330002,46.878746,43143600,60.250000,60.439999,53.770000,56.560001,54.748058,36353100,23.540001,23.549999,21.420000,22.059999,22.059999,39662900,17,7,22,19,26,9
7/31/17,68.480003,69.309998,66.930000,68.910004,68.910004,15498400,39.570000,41.470001,38.470001,39.049999,39.049999,14716900,50.849998,52.000000,49.900002,50.799999,49.304852,22012800,50.470001,50.799999,49.259998,50.610001,47.139549,32317400,56.900002,57.000000,55.110001,56.580002,54.767422,21509800,22.070000,22.490000,21.770000,22.430000,22.430000,21072200,17,7,22,19,26,10
8/7/17,69.089996,69.290001,65.029999,65.870003,65.870003,17748900,39.240002,39.639999,37.270000,38.250000,38.250000,6750200,50.820000,51.130001,47.439999,48.349998,46.926964,23364000,51.200001,51.549999,48.459999,49.480000,46.087032,34025200,56.770000,56.869999,52.970001,54.139999,52.405590,24279400,22.500000,22.620001,21.190001,21.320000,21.320000,22022100,16,7,22,19,25,9
8/14/17,66.500000,67.440002,64.269997,64.750000,64.750000,14603900,38.220001,38.689999,36.430000,36.700001,36.700001,6279500,48.860001,49.169998,45.439999,45.549999,44.299046,26880400,49.990002,50.500000,47.299999,47.529999,44.270752,32867900,54.599998,55.720001,53.110001,53.169998,51.466656,23407400,21.440001,21.959999,20.230000,20.280001,20.280001,21598000,15,6,21,17,24,9
8/21/17,64.730003,65.330002,61.310001,63.360001,63.360001,20780700,36.799999,36.939999,34.299999,35.779999,35.779999,9291100,45.730000,46.090000,42.669998,45.250000,44.007286,35328700,47.490002,48.070000,45.000000,46.680000,43.479038,50130000,53.400002,54.080002,50.490002,52.680000,50.992367,41207600,20.250000,20.570000,19.170000,19.850000,19.850000,20971300,15,6,19,16,24,8
8/28/17,63.209999,63.360001,61.660000,62.430000,62.430000,21823200,35.970001,35.990002,33.669998,34.029999,34.029999,8535900,45.230000,45.470001,43.889999,45.310001,44.065636,26006000,46.830002,47.849998,45.860001,47.520000,44.547295,31462200,52.610001,52.720001,50.900002,52.189999,50.636276,26603800,19.870001,19.950001,19.360001,19.820000,19.820000,15016700,15,6,19,16,23,8
9/4/17,62.000000,63.080002,57.740002,58.380001,58.380001,27393800,34.000000,34.009998,30.320000,33.099998,33.099998,12638600,44.790001,45.279999,42.610001,43.599998,42.402599,27077900,46.770000,47.799999,44.590000,47.450001,44.481674,43459800,51.810001,53.029999,49.759998,52.869999,51.296024,24814400,19.680000,19.850000,18.049999,18.700001,18.700001,35918100,14,7,21,18,23,12
9/11/17,59.060001,61.980000,58.830002,59.799999,59.799999,31102300,33.160000,35.470001,32.700001,33.689999,33.689999,10426600,44.009998,47.580002,44.000000,46.000000,44.736687,41741600,47.950001,49.209999,47.849998,48.250000,45.231632,48611100,53.389999,54.830002,52.450001,54.720001,53.090965,41656700,18.900000,19.870001,18.860001,19.379999,19.379999,49266700,14,6,19,16,22,8
9/18/17,59.849998,59.980000,57.340000,58.799999,58.799999,25868500,33.849998,34.139999,32.330002,33.709999,33.709999,6878800,46.020000,47.459999,44.029999,47.060001,45.767578,27400300,48.330002,48.980000,47.419998,48.470001,45.437870,29165900,54.820000,55.029999,53.430000,54.930000,53.294701,21713800,19.379999,19.400000,18.600000,18.620001,18.620001,34538800,13,6,18,15,21,9
9/25/17,58.689999,61.889999,58.520000,60.880001,60.880001,21655100,33.799999,34.410000,33.110001,33.410000,33.410000,5068200,46.980000,48.599998,46.630001,47.490002,46.185772,30524500,48.419998,49.279999,47.119999,48.220001,45.203506,37335900,54.840000,56.650002,54.430000,55.980000,54.313446,24111800,18.690001,18.950001,18.420000,18.530001,18.530001,32059600,13,6,18,15,23,9
10/2/17,60.900002,65.980003,59.990002,65.250000,65.250000,24790900,33.520000,36.740002,33.119999,35.240002,35.240002,8551800,47.520000,51.669998,47.220001,51.299999,49.891129,31080800,48.349998,52.520000,47.900002,52.009998,48.756416,44947000,56.020000,59.570000,55.599998,58.439999,56.700207,26027000,18.559999,19.850000,18.370001,19.639999,19.639999,36420000,13,6,18,15,21,8
10/9/17,65.260002,69.620003,64.389999,67.570000,67.570000,27243400,35.330002,36.180000,33.369999,33.799999,33.799999,6056500,51.230000,53.740002,50.400002,52.700001,51.252682,24378500,52.070000,54.040001,51.439999,53.959999,50.584427,40836800,58.500000,59.400002,57.389999,59.119999,57.359970,19655200,19.570000,20.790001,19.400000,20.370001,20.370001,42915900,14,6,20,16,30,9
10/16/17,67.639999,68.480003,59.340000,59.900002,59.900002,54324200,34.000000,36.990002,32.990002,33.810001,33.810001,12573600,52.520000,52.820000,49.630001,51.930000,50.503826,20667500,53.779999,54.060001,51.369999,53.270000,49.937592,33036500,58.950001,59.810001,57.450001,59.369999,57.602524,21945900,20.340000,20.639999,19.650000,20.350000,20.350000,25529600,14,6,18,16,23,7
10/23/17,60.040001,61.330002,58.040001,60.250000,60.250000,37006600,33.790001,38.419998,33.259998,36.939999,36.939999,14582600,51.919998,53.189999,47.330002,47.560001,46.253845,32440200,53.299999,53.619999,49.950001,50.560001,47.397121,33932900,59.500000,59.889999,53.540001,54.110001,52.499119,42774600,20.330000,20.709999,19.030001,19.379999,19.379999,42834800,14,6,19,15,22,7
10/30/17,59.779999,59.990002,58.110001,59.650002,59.650002,24036500,36.959999,37.650002,35.290001,36.130001,36.130001,8919100,47.650002,48.200001,46.790001,47.450001,46.146866,20801400,50.220001,50.930000,49.639999,50.400002,47.247131,25131800,54.040001,55.099998,53.450001,54.139999,52.528225,19117300,19.299999,19.350000,18.709999,19.190001,19.190001,23630400,13,6,17,14,21,8
11/6/17,59.439999,60.790001,57.930000,58.520000,58.520000,17032700,36.349998,36.570000,34.080002,35.820000,35.820000,7627400,47.459999,48.099998,45.360001,45.820000,44.561630,17199200,50.400002,51.169998,48.830002,48.889999,45.831589,26841300,54.090000,55.150002,53.240002,53.490002,51.897575,16448200,19.120001,19.660000,18.730000,18.990000,18.990000,27895200,14,5,18,15,22,7
11/13/17,58.220001,58.759998,56.509998,58.200001,58.200001,22001300,35.669998,37.779999,34.880001,36.389999,36.389999,6985300,45.630001,48.060001,45.270000,47.389999,46.189426,15608800,48.599998,50.650002,48.330002,49.820000,46.703411,28574900,53.380001,55.500000,52.779999,54.709999,53.081253,18593500,18.990000,20.540001,18.850000,19.990000,19.990000,29604300,13,6,18,15,22,7
11/20/17,58.259998,60.000000,57.820000,59.430000,59.430000,8980900,36.439999,38.480000,35.689999,38.169998,38.169998,4029200,47.330002,48.970001,47.119999,48.560001,47.329792,8911500,49.840000,50.830002,49.119999,50.110001,47.267525,15090000,54.849998,55.549999,54.200001,55.139999,53.498455,12744900,19.990000,20.180000,19.639999,19.840000,19.840000,9109700,13,6,17,14,21,7
11/27/17,59.439999,63.840000,58.930000,62.570000,62.570000,22593900,38.130001,42.880001,37.590000,42.619999,42.619999,10152400,48.610001,51.160000,48.200001,49.000000,47.758644,26894900,50.049999,53.580002,49.080002,52.060001,49.106907,42825400,55.139999,61.639999,54.490002,59.919998,58.136147,39062700,19.790001,21.620001,19.570000,21.309999,21.309999,27730800,13,5,19,14,23,8
12/4/17,63.689999,65.290001,61.779999,63.549999,63.549999,19720500,43.029999,44.049999,41.369999,43.639999,43.639999,9035700,50.099998,51.790001,49.189999,51.020000,49.727470,20408200,53.270000,54.619999,51.919998,53.459999,50.427490,32352200,61.660000,63.959999,60.660000,63.330002,61.444641,26616500,21.709999,22.360001,21.430000,22.080000,22.080000,23782900,12,5,17,15,19,7
12/11/17,63.689999,64.690002,62.450001,63.759998,63.759998,23194800,43.320000,43.959999,42.630001,43.189999,43.189999,6530600,50.779999,51.590000,49.849998,51.060001,49.766453,22246300,53.720001,56.490002,53.130001,56.099998,52.917740,47676500,63.480000,64.919998,62.919998,64.699997,62.901241,23318100,22.080000,22.570000,21.129999,21.290001,21.290001,31736000,13,5,17,15,20,7
12/18/17,64.120003,67.629997,63.709999,67.250000,67.250000,18325700,43.599998,45.660000,43.279999,45.220001,45.220001,4884400,51.250000,53.470001,51.169998,52.590000,51.257690,20979500,56.520000,56.840000,55.490002,56.029999,52.851704,34525500,65.099998,66.989998,64.750000,65.970001,64.135925,19275100,21.350000,22.730000,21.350000,22.440001,22.440001,20506100,14,6,20,18,22,8
12/25/17,66.940002,67.989998,66.480003,67.400002,67.400002,10821100,44.139999,45.680000,43.759998,44.849998,44.849998,3072000,52.349998,53.220001,52.009998,52.029999,50.711876,10147000,55.900002,56.779999,55.889999,56.000000,52.823410,13815100,65.760002,66.330002,65.440002,65.449997,63.630398,9823500,22.410000,22.740000,22.340000,22.340000,22.340000,12248400,15,6,20,16,25,9
1/1/18,67.900002,69.400002,67.379997,69.360001,69.360001,14580300,44.700001,45.610001,43.330002,43.630001,43.630001,4817300,52.330002,54.400002,51.900002,52.650002,51.316177,15684500,56.290001,56.740002,54.930000,55.970001,52.795113,28847000,65.910004,66.370003,63.880001,64.320000,62.531811,16120200,22.370001,22.490000,21.280001,21.379999,21.379999,18707200,16,7,23,19,28,12
1/8/18,69.370003,78.839996,68.010002,78.400002,78.400002,28108000,43.750000,48.810001,42.889999,48.259998,48.259998,8092300,52.599998,58.730000,51.930000,58.470001,56.988728,33443300,55.919998,60.500000,53.880001,59.830002,56.436157,70551400,64.190002,65.949997,62.250000,65.360001,63.542896,28695000,21.459999,22.930000,20.610001,22.930000,22.930000,27059800,15,7,21,18,26,10
1/15/18,78.349998,79.000000,75.800003,76.500000,76.500000,14299600,47.900002,47.950001,44.759998,45.189999,45.189999,7129000,58.790001,59.080002,57.529999,58.060001,56.589123,15553100,60.200001,60.790001,58.900002,60.009998,56.605942,30210000,65.510002,66.519997,64.110001,65.050003,63.241501,18742400,23.000000,23.080000,22.270000,22.570000,22.570000,12257400,14,6,20,17,25,9
1/22/18,76.599998,78.209999,65.440002,66.559998,66.559998,58707500,45.139999,45.290001,39.529999,41.480000,41.480000,11398200,57.990002,58.459999,52.209999,53.070000,51.725533,40528600,59.900002,60.279999,54.490002,55.259998,52.125385,63497900,64.860001,65.500000,59.250000,60.820000,59.129112,36337700,22.469999,22.629999,20.110001,20.500000,20.500000,40501600,13,6,19,15,24,8
1/29/18,66.220001,69.089996,65.459999,65.680000,65.680000,29245000,41.490002,42.660000,40.790001,41.070000,41.070000,4657100,52.790001,54.709999,52.029999,52.099998,50.780106,25390900,55.000000,57.270000,54.540001,54.619999,51.521687,38874000,60.540001,61.480000,58.660000,58.709999,57.077766,25142800,20.410000,21.200001,20.190001,20.330000,20.330000,23831200,13,6,18,15,22,8
2/5/18,65.000000,66.580002,60.439999,62.980000,62.980000,26503800,40.669998,41.990002,37.799999,39.250000,39.250000,7924400,51.230000,52.389999,46.330002,48.360001,47.134853,31339500,54.000000,54.720001,48.520000,50.459999,47.597660,61964200,58.020000,59.040001,54.009998,55.500000,53.957012,34849200,20.200001,20.650000,19.230000,19.889999,19.889999,27502400,14,7,19,16,24,8
2/12/18,63.330002,67.510002,62.970001,66.519997,66.519997,16210500,39.520000,40.299999,38.490002,39.720001,39.720001,6797300,48.790001,52.209999,48.650002,51.580002,50.369961,21211100,51.220001,53.520000,50.720001,52.849998,49.852093,37063000,56.139999,58.880001,55.709999,58.270000,56.650009,19771800,20.110001,20.639999,19.639999,20.299999,20.299999,20076300,14,7,19,16,23,8
2/19/18,66.099998,68.519997,65.779999,67.570000,67.570000,11958900,39.520000,40.830002,38.830002,39.490002,39.490002,3659700,51.230000,53.860001,51.099998,53.389999,52.137501,16527800,52.529999,54.389999,52.299999,53.459999,50.427490,23494100,58.080002,59.290001,57.200001,57.990002,56.377785,14359500,20.200001,21.379999,19.910000,21.320000,21.320000,15947700,14,7,20,16,25,8
2/26/18,68.260002,69.480003,65.669998,67.510002,67.510002,18545700,39.740002,41.990002,38.049999,41.849998,41.849998,8448400,53.990002,55.599998,51.869999,53.180000,51.932419,24998100,54.610001,55.009998,51.810001,53.259998,50.528740,34442400,58.750000,59.840000,57.029999,57.810001,56.202797,22932200,21.459999,22.059999,20.840000,21.290001,21.290001,18638300,15,7,22,20,26,10
3/5/18,66.820000,71.639999,66.290001,71.550003,71.550003,21020000,41.860001,43.459999,41.209999,43.000000,43.000000,4980100,52.900002,56.080002,52.689999,56.070000,54.754623,19123900,52.910000,56.090000,52.580002,56.090000,53.213615,28925900,57.680000,59.700001,57.189999,59.700001,58.040245,22686500,21.549999,22.090000,21.049999,22.000000,22.000000,16510300,16,8,22,18,25,9
3/12/18,71.820000,73.410004,69.930000,70.879997,70.879997,21258100,42.970001,45.820000,42.470001,45.119999,45.119999,5097900,56.259998,57.439999,54.930000,55.400002,54.100346,19440100,56.250000,57.310001,55.459999,56.689999,53.782845,33444900,59.880001,61.380001,59.209999,60.900002,59.333927,23845100,22.080000,22.799999,21.910000,22.590000,22.590000,22652500,20,7,20,18,25,9
3/19/18,71.029999,71.099998,67.330002,67.389999,67.389999,13250900,44.810001,45.130001,39.869999,39.959999,39.959999,5949600,55.330002,55.700001,50.990002,51.009998,49.813328,20038800,56.540001,56.730000,53.840000,53.900002,51.135918,33751200,60.669998,61.240002,56.349998,56.720001,55.261421,34882500,22.370001,22.549999,20.799999,20.840000,20.840000,23052300,16,7,22,18,25,9
3/26/18,68.389999,70.040001,67.230003,69.470001,69.470001,12241000,40.450001,40.450001,36.770000,37.779999,37.779999,8488400,51.939999,52.430000,50.049999,51.959999,50.741039,13402800,54.570000,55.480000,53.720001,54.810001,51.999252,25942200,57.500000,57.950001,55.869999,57.279999,55.807014,17721700,21.209999,21.209999,19.799999,20.320000,20.320000,26903700,14,7,19,17,23,8
4/2/18,69.120003,71.209999,65.599998,68.629997,68.629997,18372600,37.590000,38.419998,36.020000,37.740002,37.740002,5501400,51.770000,53.080002,48.959999,50.290001,49.110222,19367600,54.590000,54.630001,50.950001,53.049999,50.329510,34719300,57.189999,57.189999,53.790001,55.290001,53.868195,22264500,20.320000,20.820000,19.500000,19.950001,19.950001,31559800,15,7,20,17,24,9
4/9/18,69.279999,69.730003,64.800003,66.540001,66.540001,23438500,37.650002,37.970001,34.639999,36.150002,36.150002,8597600,50.500000,50.860001,45.369999,45.869999,44.793915,39552900,53.360001,54.439999,51.360001,52.919998,50.206177,48838400,55.630001,55.990002,53.500000,55.070000,53.653839,25772900,20.040001,20.340000,19.170000,19.510000,19.510000,30511900,14,7,19,17,24,8
4/16/18,66.750000,72.599998,66.709999,71.750000,71.750000,30494400,36.599998,39.470001,36.230000,38.430000,38.430000,6005500,46.130001,48.380001,45.619999,46.779999,45.682560,31752100,53.270000,56.020000,53.270000,55.400002,52.559002,37038900,55.299999,56.520000,53.209999,54.770000,53.361561,29218800,19.600000,20.250000,19.500000,19.860001,19.860001,20023900,15,6,20,17,53,8
4/23/18,72.180000,72.250000,65.449997,67.860001,67.860001,19321500,38.509998,39.240002,34.680000,35.490002,35.490002,8451300,46.849998,47.189999,40.650002,43.400002,42.381859,43496100,55.770000,55.799999,52.779999,53.500000,50.756432,38064700,54.840000,55.540001,51.000000,53.529999,52.153446,28119100,19.920000,20.139999,18.570000,19.280001,19.280001,29515000,14,6,19,16,26,8
4/30/18,67.849998,69.349998,66.529999,68.320000,68.320000,11983100,36.160000,36.680000,34.700001,36.389999,36.389999,6181100,43.500000,43.810001,41.540001,42.860001,41.854527,28369900,53.549999,53.779999,51.090000,52.340000,49.655922,31760600,53.619999,53.779999,51.580002,52.779999,51.422733,26784300,19.129999,19.750000,18.900000,19.360001,19.360001,20607600,15,6,19,16,26,8
5/7/18,68.480003,69.199997,65.570000,66.919998,66.919998,14797400,36.650002,37.480000,35.709999,36.630001,36.630001,3827400,42.919998,44.009998,41.470001,42.599998,41.600624,35369600,52.400002,53.080002,51.320000,52.900002,50.187202,36222300,52.799999,53.070000,51.259998,52.459999,51.110966,27210400,19.379999,19.549999,18.680000,18.980000,18.980000,20030900,14,7,20,16,24,8
5/14/18,67.339996,70.389999,66.099998,68.419998,68.419998,15883000,36.410000,37.799999,35.520000,37.150002,37.150002,5417800,42.750000,44.910000,41.599998,43.380001,42.461399,28155000,52.900002,53.990002,51.759998,52.950001,50.533215,35925200,52.509998,53.610001,51.439999,52.189999,50.847908,31325300,18.990000,19.760000,18.660000,19.040001,19.040001,21885800,16,7,22,17,29,9
5/21/18,69.010002,72.739998,68.870003,71.680000,71.680000,14796100,37.259998,38.520000,35.830002,38.029999,38.029999,5662000,43.740002,45.820000,42.270000,44.910000,43.958996,26111100,53.270000,56.119999,52.980000,55.869999,53.319939,26897700,52.450001,53.450001,50.200001,52.860001,51.500675,42168700,19.170000,19.930000,18.530001,19.410000,19.410000,29712900,15,7,22,17,25,8
5/28/18,70.989998,71.519997,68.989998,69.250000,69.250000,10088600,37.820000,38.259998,36.200001,37.040001,37.040001,3562300,44.599998,45.150002,42.660000,44.000000,43.068272,24002100,55.389999,55.599998,53.669998,54.419998,51.936115,20377600,52.619999,52.799999,50.630001,50.959999,49.649532,25161300,19.270000,19.500000,18.750000,18.770000,18.770000,18216900,15,7,20,17,25,8
6/4/18,69.360001,70.529999,67.930000,69.989998,69.989998,13138600,37.139999,38.060001,36.220001,37.049999,37.049999,4156900,44.040001,45.020000,42.880001,43.110001,42.197113,27165000,54.779999,55.430000,52.630001,54.090000,51.621185,32982500,51.130001,52.080002,49.930000,50.480000,49.181881,27805700,18.870001,19.170000,18.559999,18.840000,18.840000,22871200,16,8,22,18,29,8
6/11/18,70.830002,74.040001,70.559998,73.889999,73.889999,16982000,37.169998,39.740002,37.160000,39.610001,39.610001,5333300,43.250000,44.930000,42.320000,42.770000,41.864315,28685600,54.360001,55.840000,53.980000,55.180000,52.661434,30020800,50.959999,52.430000,50.580002,52.180000,50.996143,38514600,18.870001,19.350000,18.719999,19.190001,19.190001,24664200,16,7,22,18,24,9
6/18/18,73.339996,75.529999,72.379997,72.940002,72.940002,15727900,39.299999,39.580002,37.950001,38.599998,38.599998,10578000,42.630001,42.680000,41.020000,41.349998,40.474384,30018400,54.730000,55.060001,52.419998,52.720001,50.313713,31327000,51.830002,53.540001,51.169998,51.910000,50.732265,34528900,19.049999,19.480000,18.889999,18.980000,18.980000,19713500,17,8,23,18,25,8
6/25/18,72.800003,72.800003,68.489998,69.730003,69.730003,12712600,38.320000,38.709999,34.360001,36.349998,36.349998,8267500,41.090000,41.270000,37.060001,37.959999,37.156174,34497200,52.279999,52.599998,49.049999,49.540001,47.278862,34969600,51.610001,51.860001,50.180000,50.880001,49.725639,27866000,18.889999,19.200001,18.570000,18.980000,18.980000,23877700,16,8,22,19,26,10
7/2/18,69.400002,71.370003,69.209999,70.959999,70.959999,9715500,36.099998,37.840000,35.660000,37.660000,37.660000,5522900,37.740002,38.400002,36.759998,38.090000,37.283417,18885300,49.250000,50.169998,48.520000,49.580002,47.317036,25988400,50.630001,53.040001,50.500000,52.740002,51.543434,17835500,18.850000,19.540001,18.790001,19.450001,19.450001,10387300,15,7,20,16,23,8
7/9/18,71.230003,72.239998,67.940002,72.099998,72.099998,18836500,37.910000,41.169998,35.720001,41.020000,41.020000,10907200,38.209999,39.410000,35.639999,37.119999,36.333954,57390700,49.580002,51.279999,48.810001,50.770000,48.452717,45150200,52.900002,53.520000,51.630001,53.090000,51.885494,21610600,19.490000,19.740000,18.959999,19.280001,19.280001,19405800,16,8,21,19,28,9
7/16/18,72.330002,81.550003,71.519997,80.910004,80.910004,39933600,41.040001,41.939999,38.939999,40.279999,40.279999,9268700,37.259998,39.200001,36.930000,37.880001,37.077866,32218100,50.900002,53.549999,50.090000,51.990002,49.617035,37203400,53.389999,55.230000,52.750000,53.430000,52.217781,23602700,19.389999,20.110001,19.309999,19.840000,19.840000,20438400,16,8,21,19,27,10
7/23/18,80.769997,82.040001,79.550003,80.010002,80.010002,18673700,40.290001,44.400002,40.009998,42.939999,42.939999,9296400,37.650002,40.860001,37.040001,39.689999,38.849537,39726100,51.799999,54.770000,51.259998,54.459999,51.974289,30772600,53.259998,58.430000,51.660000,58.380001,57.055477,35962300,19.770000,20.100000,17.100000,18.049999,18.049999,57666100,17,8,23,20,27,10
7/30/18,79.620003,81.639999,78.699997,81.339996,81.339996,15093900,42.810001,43.889999,41.980000,42.599998,42.599998,5318600,39.880001,40.290001,37.349998,38.419998,37.606434,28483800,54.320000,55.049999,52.939999,54.259998,52.136513,23559100,58.080002,59.330002,55.610001,57.410000,56.107483,22257600,17.990000,18.299999,17.370001,18.250000,18.250000,29452100,17,8,22,20,24,10
8/6/18,81.269997,83.660004,80.650002,81.720001,81.720001,9308200,42.340000,44.340000,42.150002,43.939999,43.939999,3596300,38.259998,38.860001,36.450001,37.259998,36.470989,24834600,54.099998,55.720001,53.840000,54.709999,52.568901,18204600,57.209999,59.330002,57.099998,58.990002,57.651630,15532900,18.299999,18.660000,18.120001,18.450001,18.450001,18452800,17,7,22,19,24,9
8/13/18,81.809998,82.739998,80.349998,82.010002,82.010002,9883900,43.990002,44.930000,43.439999,44.700001,44.700001,3203000,37.290001,38.459999,36.419998,37.790001,37.086296,25765400,54.880001,55.990002,53.759998,55.650002,53.472118,18885600,59.049999,60.959999,58.520000,59.680000,58.325977,21281100,18.480000,18.860001,18.080000,18.799999,18.799999,19514300,17,8,22,19,24,9
8/20/18,82.410004,86.599998,82.129997,85.139999,85.139999,13834000,44.889999,46.840000,44.750000,45.650002,45.650002,3363900,38.040001,40.709999,37.990002,38.820000,38.097118,29207400,55.970001,58.029999,55.860001,57.180000,54.942242,22185700,59.950001,62.200001,59.889999,60.990002,59.606262,18167600,18.820000,19.459999,18.440001,18.629999,18.629999,18270200,15,7,19,17,22,8
8/27/18,85.699997,87.669998,85.570000,87.419998,87.419998,11521900,45.570000,47.889999,45.570000,47.520000,47.520000,3749700,39.020000,41.040001,39.020000,40.480000,39.726204,30878700,57.470001,58.869999,57.270000,58.480000,56.191368,24954500,61.160000,61.750000,60.540001,61.299999,60.065159,16601000,18.610001,19.299999,18.600000,19.080000,19.080000,29275700,14,7,19,16,22,8
9/3/18,87.839996,89.480003,86.260002,87.680000,87.680000,15246500,47.720001,48.509998,47.080002,47.590000,47.590000,4078200,40.320000,41.369999,38.150002,38.430000,37.714378,28655000,58.500000,59.599998,55.689999,56.860001,54.634769,28438600,61.430000,62.740002,60.660000,61.900002,60.653076,16807800,19.120001,19.450001,18.750000,18.799999,18.799999,21264900,14,7,18,15,22,8
9/10/18,87.680000,90.480003,87.150002,90.330002,90.330002,15206400,47.889999,49.500000,47.419998,49.200001,49.200001,4225100,38.660000,40.400002,38.490002,39.740002,38.999989,23042000,57.049999,58.459999,56.820000,57.930000,55.662891,20746200,61.900002,63.250000,61.250000,62.430000,61.172398,19018100,18.870001,19.389999,18.790001,19.180000,19.180000,15080200,15,6,19,17,22,8
9/17/18,90.500000,91.389999,87.110001,89.940002,89.940002,13225700,49.250000,49.630001,48.169998,48.290001,48.290001,4703400,39.700001,43.889999,39.650002,43.599998,42.788105,35643400,57.790001,60.230000,56.919998,59.610001,57.277142,26498900,62.669998,64.019997,62.110001,63.770000,62.485409,21279000,19.120001,20.139999,19.110001,19.889999,19.889999,18202000,14,6,18,16,23,7
9/24/18,89.830002,89.989998,86.820000,89.059998,89.059998,11875900,48.040001,48.320000,45.580002,46.970001,46.970001,4448800,43.270000,43.299999,40.270000,41.330002,40.560383,29158200,59.160000,59.160000,56.410000,57.830002,55.566807,25122300,63.340000,63.389999,61.119999,62.450001,61.191994,17803400,19.930000,19.930000,19.170000,19.360001,19.360001,22034900,13,6,18,17,21,7
10/1/18,89.290001,89.580002,84.019997,84.139999,84.139999,14610300,46.900002,47.099998,44.119999,44.389999,44.389999,4120500,41.410000,41.750000,36.209999,36.439999,35.761436,36249500,57.990002,58.139999,52.540001,52.700001,50.637566,34714000,62.610001,63.200001,60.590000,61.049999,59.820198,19192000,19.410000,19.490000,18.070000,18.100000,18.100000,23653100,14,7,18,16,25,7
10/8/18,84.000000,84.489998,78.870003,80.180000,80.180000,21196700,43.490002,48.750000,42.830002,47.070000,47.070000,8314000,36.439999,36.849998,30.750000,30.910000,30.334414,78101900,52.369999,52.930000,49.680000,52.049999,50.013004,52428100,60.900002,61.070000,56.430000,57.380001,56.224129,30643400,18.040001,18.219999,16.040001,16.360001,16.360001,37993000,15,6,19,17,22,8
10/15/18,80.400002,89.610001,80.099998,87.430000,87.430000,28370400,47.099998,51.599998,46.430000,50.779999,50.779999,6245600,31.000000,35.400002,30.820000,32.040001,31.443371,60723800,52.000000,55.279999,51.759998,53.389999,51.300568,33223600,57.220001,60.860001,57.180000,58.130001,56.959023,19436500,16.330000,17.299999,16.260000,16.520000,16.520000,21138500,13,6,18,16,22,7
10/22/18,87.839996,89.230003,81.919998,84.629997,84.629997,22542800,50.369999,53.490002,47.599998,52.520000,52.520000,10895200,32.270000,33.330002,30.240000,32.459999,31.855549,65202400,53.540001,54.430000,51.360001,53.279999,51.194866,39360500,58.139999,58.529999,48.330002,49.580002,48.581257,46455400,16.610001,16.740000,15.760000,16.280001,16.280001,30502200,13,6,17,15,20,7
10/29/18,85.980003,90.279999,83.919998,88.680000,88.680000,18796500,53.349998,54.500000,50.009998,53.689999,53.689999,8099500,33.139999,37.459999,31.950001,36.330002,35.653492,53288200,54.150002,57.029999,52.560001,56.119999,53.923725,39935100,49.930000,52.549999,47.099998,51.820000,50.776131,42961800,16.440001,17.700001,16.010000,17.660000,17.660000,23275300,12,6,16,14,20,7
11/5/18,88.980003,93.599998,88.279999,92.349998,92.349998,15429500,53.650002,54.389999,52.680000,52.990002,52.990002,4854000,36.349998,37.389999,34.840000,36.220001,35.545536,47265200,56.020000,57.250000,54.750000,56.650002,54.432983,28605700,51.669998,53.509998,51.060001,52.490002,51.432632,27991700,17.580000,18.500000,17.530001,18.100000,18.100000,22678000,13,6,17,15,20,7
11/12/18,92.360001,93.470001,89.019997,92.260002,92.260002,15516200,52.910000,54.090000,51.580002,52.439999,52.439999,3618700,36.310001,38.590000,35.779999,36.750000,36.165215,45285700,56.599998,57.919998,54.900002,55.900002,54.049847,29790100,52.400002,53.500000,51.540001,52.580002,51.520828,24644000,18.309999,18.450001,17.719999,18.030001,18.030001,25372100,15,7,18,17,22,8
11/19/18,92.320000,95.080002,90.449997,94.839996,94.839996,12377400,52.439999,52.439999,49.070000,51.560001,51.560001,3720500,36.759998,38.270000,34.860001,37.950001,37.346115,31303400,56.000000,57.689999,55.279999,57.160000,55.268147,21551300,52.750000,53.220001,51.330002,52.680000,51.618805,11562200,17.920000,18.530001,17.360001,18.350000,18.350000,11407700,13,7,17,15,21,7
11/26/18,95.559998,96.800003,91.730003,96.699997,96.699997,19371000,51.830002,64.230003,50.869999,64.120003,64.120003,14793100,38.299999,40.200001,37.700001,40.160000,39.520947,39213700,57.520000,61.320000,56.560001,60.709999,58.700645,38651500,53.049999,54.660000,52.169998,54.610001,53.509922,21826100,18.500000,19.580000,18.350000,19.520000,19.520000,23258800,15,7,19,16,23,8
12/3/18,97.669998,97.849998,87.610001,88.230003,88.230003,17196500,64.650002,65.349998,58.939999,59.669998,59.669998,6766700,40.570000,40.580002,33.380001,33.570000,33.035812,42652100,61.000000,61.070000,55.500000,56.070000,54.214218,38434500,54.900002,55.680000,51.139999,51.360001,50.325394,23760400,19.520000,19.719999,17.709999,17.889999,17.889999,22535100,12,6,16,14,20,7
12/10/18,88.050003,90.300003,86.230003,87.739998,87.739998,17060200,60.009998,61.990002,58.200001,59.009998,59.009998,4921000,33.669998,34.810001,32.080002,32.410000,31.894270,43093300,56.230000,56.970001,52.849998,53.509998,51.738945,34919800,51.540001,51.799999,49.360001,50.090000,49.225838,22980400,17.889999,18.230000,16.799999,16.830000,16.830000,33529500,13,6,17,15,19,7
12/17/18,87.879997,88.879997,81.250000,81.470001,81.470001,24697600,59.009998,59.660000,54.369999,54.790001,54.790001,5138900,32.299999,33.980000,30.650000,30.780001,30.290211,46116400,53.369999,53.599998,49.290001,49.450001,47.813328,40004800,49.840000,50.150002,45.770000,45.950001,45.157265,26842400,16.820000,16.990000,15.510000,15.530000,15.530000,29285800,15,7,19,16,21,8
12/24/18,80.910004,84.739998,79.050003,83.169998,83.169998,14977900,54.139999,58.270000,53.549999,57.520000,57.520000,2680100,30.510000,32.599998,29.590000,31.830000,31.323498,28654000,49.250000,51.099998,47.900002,50.180000,48.519161,25825100,45.560001,47.500000,44.279999,46.759998,45.953285,14128300,15.600000,16.200001,15.190000,16.000000,16.000000,13454300,15,7,20,17,23,8
12/31/18,83.739998,84.610001,78.379997,82.680000,82.680000,15871600,57.570000,59.020000,52.520000,56.099998,56.099998,3865700,32.090000,32.650002,28.809999,32.040001,31.530161,36755800,50.290001,50.660000,45.080002,47.790001,46.208267,41233500,46.939999,48.060001,44.610001,47.860001,47.034313,17053400,16.049999,16.780001,15.290000,16.549999,16.549999,17658900,14,7,19,17,24,9
1/7/19,82.570000,84.620003,77.389999,80.070000,80.070000,23597100,55.869999,61.090000,55.400002,60.110001,60.110001,6866000,31.990000,33.650002,29.780001,31.799999,31.293980,47924200,48.000000,48.910000,45.820000,48.560001,46.952785,44160300,47.840000,49.270000,46.900002,48.520000,47.682926,22140400,16.639999,17.340000,16.090000,17.250000,17.250000,21291600,14,7,19,18,25,9
1/14/19,79.279999,87.750000,78.680000,85.589996,85.589996,28132600,59.340000,61.970001,58.070000,59.360001,59.360001,6002200,31.400000,34.040001,30.700001,33.970001,33.429451,34398400,47.570000,49.290001,46.400002,48.110001,46.517673,46650500,48.180000,51.580002,47.700001,51.570000,50.680305,19677300,17.139999,17.700001,16.850000,17.600000,17.600000,20283000,14,7,19,18,24,9
1/21/19,85.370003,85.690002,82.629997,84.139999,84.139999,17178200,59.220001,59.650002,56.799999,57.959999,57.959999,4622800,33.759998,35.500000,31.389999,34.980000,34.423378,60258500,48.049999,48.549999,46.840000,47.689999,46.111572,37140700,51.250000,55.689999,50.060001,54.980000,54.031479,27227800,17.559999,18.290001,17.040001,17.709999,17.709999,24665600,15,7,19,17,22,9
1/28/19,83.169998,88.570000,83.099998,87.489998,87.489998,13164500,58.430000,62.230000,57.220001,61.130001,61.130001,4692500,34.529999,37.080002,34.500000,36.110001,35.535397,45341900,47.430000,50.490002,47.330002,49.919998,48.267769,43153800,54.889999,58.000000,54.889999,57.130001,56.144382,25342900,17.639999,18.500000,17.600000,17.910000,17.910000,25894300,14,7,19,17,23,8
2/4/19,87.470001,89.879997,86.660004,88.169998,88.169998,13029300,61.660000,63.740002,57.160000,61.439999,61.439999,7785200,36.160000,37.230000,35.389999,36.000000,35.427143,31725900,49.990002,51.060001,49.560001,50.470001,48.799568,30442400,57.200001,58.770000,56.639999,57.650002,56.655415,21145300,17.950001,18.219999,17.870001,18.139999,18.139999,15003100,13,7,18,17,22,8
2/11/19,88.860001,90.269997,87.500000,88.309998,88.309998,12540400,62.049999,64.760002,60.509998,61.669998,61.669998,5445200,36.080002,37.169998,34.959999,35.049999,34.586296,33195600,50.610001,51.470001,49.880001,51.080002,49.389378,33292500,58.070000,58.740002,57.150002,57.700001,56.704552,21669100,18.180000,18.360001,17.850000,17.959999,17.959999,17504200,14,7,20,18,24,9
2/18/19,87.870003,89.820000,87.290001,89.430000,89.430000,9415300,61.669998,63.240002,57.849998,60.119999,60.119999,6063600,35.029999,35.900002,34.770000,35.490002,35.020477,24700000,51.000000,52.220001,50.570000,51.520000,49.814812,27430300,57.349998,58.160000,53.470001,53.619999,52.694939,27015600,17.920000,18.030001,17.180000,17.219999,17.219999,17473800,15,8,21,18,26,9
2/25/19,90.050003,90.930000,85.370003,86.919998,86.919998,14950500,60.169998,61.590000,55.349998,56.610001,56.610001,7605000,35.750000,36.730000,34.369999,34.639999,34.181717,40873600,51.810001,51.959999,48.220001,48.959999,47.339539,42926500,53.910000,56.959999,53.310001,54.340000,53.402519,41376000,17.299999,17.360001,16.610001,16.930000,16.930000,22636200,14,7,19,17,25,9
3/4/19,87.099998,87.239998,81.620003,82.400002,82.400002,16369300,56.490002,57.700001,51.450001,51.680000,51.680000,8451900,34.759998,34.889999,31.370001,31.910000,31.487839,34137500,49.040001,50.490002,48.430000,49.590000,48.283794,45451100,54.220001,54.560001,51.320000,51.770000,50.876858,25053000,16.879999,16.940001,15.920000,16.080000,16.080000,22029200,15,8,20,19,31,10
3/11/19,81.940002,82.910004,79.589996,81.690002,81.690002,21322600,52.930000,56.270000,51.950001,54.200001,54.200001,6455700,31.639999,32.470001,30.879999,31.430000,31.014191,47024000,49.799999,52.080002,49.770000,51.189999,49.841652,43719500,49.900002,51.779999,48.580002,51.369999,50.634254,42342800,15.920000,17.090000,15.920000,16.740000,16.740000,31422000,17,8,24,19,32,9
3/18/19,81.389999,81.860001,78.750000,79.629997,79.629997,15321800,53.990002,54.380001,52.250000,53.049999,53.049999,4587300,31.500000,32.119999,30.530001,30.570000,30.165567,33121400,51.070000,51.389999,49.520000,49.759998,48.449318,30799700,51.340000,51.720001,49.299999,49.320000,48.613617,24731700,16.719999,16.850000,15.920000,15.930000,15.930000,25864500,15,7,19,17,24,8
3/25/19,79.680000,80.050003,77.019997,79.779999,79.779999,14177300,53.049999,53.939999,51.049999,52.860001,52.860001,5718700,30.530001,31.889999,29.969999,31.760000,31.339823,29830300,49.599998,51.750000,48.680000,51.650002,50.289539,35444900,49.259998,52.099998,48.500000,51.910000,51.166523,30433500,15.870000,16.430000,15.600000,16.360001,16.360001,28710100,14,7,19,17,24,8
4/1/19,80.209999,85.750000,79.559998,84.910004,84.910004,15332600,53.430000,54.709999,52.750000,54.439999,54.439999,3718900,31.980000,34.400002,31.700001,34.060001,33.609398,39248700,51.820000,58.200001,51.520000,57.730000,56.209385,53637900,52.270000,53.730000,52.020000,53.250000,52.487331,19155300,16.490000,17.000000,16.350000,16.639999,16.639999,23419600,14,7,18,17,23,8
4/8/19,84.599998,86.500000,83.459999,85.489998,85.489998,14494700,53.490002,58.430000,53.369999,56.220001,56.220001,5311600,33.639999,35.240002,32.599998,34.689999,34.231064,33461300,57.500000,58.970001,56.770000,58.049999,56.520954,48047700,52.259998,53.639999,51.380001,53.130001,52.369053,20318500,16.540001,17.370001,16.299999,17.040001,17.040001,30715600,15,7,20,18,22,8
4/15/19,85.309998,89.809998,84.080002,88.279999,88.279999,16544000,55.650002,56.459999,54.570000,56.189999,56.189999,2791900,34.650002,35.240002,33.590000,34.369999,33.915291,17979300,58.000000,58.990002,57.369999,58.169998,56.637794,18392900,53.060001,53.630001,51.900002,52.180000,51.432659,11378700,17.000000,17.250000,16.770000,16.959999,16.959999,15301000,15,7,21,18,22,8
4/22/19,87.769997,89.150002,86.489998,87.940002,87.940002,10029000,55.770000,58.549999,50.000000,52.700001,52.700001,9640700,34.099998,34.490002,32.099998,33.060001,32.622623,26733400,57.790001,58.529999,56.380001,57.110001,55.605717,21183600,51.860001,54.860001,51.459999,52.980000,52.221199,21701000,16.840000,18.360001,16.750000,18.120001,18.120001,40879300,14,7,19,17,21,8
4/29/19,88.019997,90.160004,87.779999,88.500000,88.500000,10523300,52.700001,54.980000,51.720001,52.500000,52.500000,6199000,33.509998,34.900002,33.310001,34.790001,34.329735,26246100,57.240002,58.570000,57.049999,57.799999,56.277542,20974700,52.990002,54.610001,52.740002,53.619999,52.852032,15810600,18.120001,18.920000,18.120001,18.709999,18.709999,23317100,14,7,20,17,22,8
5/6/19,87.139999,88.029999,80.989998,84.790001,84.790001,11091800,51.430000,52.330002,48.150002,49.660000,49.660000,3618500,34.250000,34.770000,32.939999,33.990002,33.540325,24938600,56.980000,57.970001,55.060001,56.619999,55.461643,21272900,52.810001,53.610001,51.180000,52.740002,51.984638,15980100,18.420000,18.770000,17.879999,18.309999,18.309999,17903600,15,7,20,17,22,7
5/13/19,83.029999,83.769997,81.230003,81.500000,81.500000,12868800,48.500000,49.419998,47.470001,47.639999,47.639999,3040700,33.160000,33.200001,31.549999,31.740000,31.410477,26554700,55.439999,55.959999,54.070000,54.889999,53.767036,17387300,51.770000,53.009998,50.709999,52.240002,51.491798,14337700,17.969999,18.110001,17.430000,17.809999,17.809999,19248700,15,7,21,17,23,8
5/20/19,81.389999,83.370003,79.769997,80.790001,80.790001,10521400,46.950001,48.930000,46.279999,47.200001,47.200001,3937100,30.650000,31.639999,28.980000,29.170000,28.867161,39910400,54.000000,55.029999,53.240002,54.119999,53.012787,17938000,51.779999,53.520000,50.360001,51.150002,50.417408,17071700,17.629999,17.910000,17.230000,17.469999,17.469999,15156500,16,8,22,18,24,8
5/27/19,80.500000,80.790001,77.400002,77.650002,77.650002,10457900,47.080002,47.689999,45.950001,46.080002,46.080002,2639500,29.260000,29.320000,27.110001,27.230000,26.947298,26786400,54.139999,54.630001,51.310001,51.500000,50.446388,16774000,50.730000,50.930000,47.439999,47.599998,46.918255,15135900,17.540001,17.580000,16.950001,17.230000,17.230000,17643100,16,7,21,18,24,8
6/3/19,77.379997,84.849998,77.349998,83.269997,83.269997,10960100,45.970001,50.720001,45.849998,49.119999,49.119999,4431200,27.120001,31.150000,27.020000,30.920000,30.598989,36079700,51.480000,55.849998,51.410000,55.070000,53.943352,31669800,47.599998,50.959999,47.400002,50.369999,49.648582,20318200,17.150000,18.490000,17.120001,18.299999,18.299999,18423100,16,8,21,19,29,8
6/10/19,83.620003,87.910004,82.070000,87.120003,87.120003,11109400,49.349998,51.869999,49.000000,50.320000,50.320000,2767800,31.150000,33.320000,30.450001,32.680000,32.340721,31039900,55.500000,57.240002,54.480000,55.990002,54.844532,20685700,50.849998,52.750000,50.270000,51.820000,51.270920,15314300,18.430000,19.680000,18.230000,19.350000,19.350000,24083300,16,8,23,19,24,8
6/17/19,87.269997,89.410004,85.889999,86.720001,86.720001,11330100,50.250000,50.990002,47.639999,47.740002,47.740002,3157900,32.099998,33.810001,31.510000,31.570000,31.242243,29196500,55.779999,56.880001,55.259998,55.990002,54.844532,24525800,51.610001,52.459999,50.889999,51.250000,50.706959,18400900,19.379999,19.639999,18.590000,18.590000,18.590000,20223800,17,8,23,20,25,9
6/24/19,86.779999,87.739998,84.750000,87.550003,87.550003,10443600,48.299999,48.650002,45.919998,47.730000,47.730000,8310600,31.570000,32.730000,31.070000,32.610001,32.271446,28552000,56.099998,57.419998,55.669998,56.750000,55.588982,23323500,51.459999,51.610001,50.349998,50.779999,50.241940,19007900,18.690001,18.799999,18.080000,18.490000,18.490000,23396500,17,8,22,20,25,8
7/1/19,88.839996,91.080002,87.769997,90.589996,90.589996,11128100,48.230000,51.070000,47.810001,50.869999,50.869999,2986000,33.139999,33.660000,31.950001,32.459999,32.123005,19082300,57.299999,59.619999,57.250000,58.700001,57.499088,21058500,51.200001,52.250000,51.029999,51.880001,51.330284,11090100,18.690001,19.320000,18.480000,19.190001,19.190001,10508000,16,7,21,17,22,8
7/8/19,90.160004,91.519997,88.919998,91.230003,91.230003,13979800,51.000000,52.470001,50.080002,50.810001,50.810001,4561200,31.990000,33.900002,31.930000,33.779999,33.429298,31504200,58.900002,62.240002,58.560001,61.650002,60.388737,46193400,51.599998,52.810001,51.410000,52.509998,51.953606,14248100,19.280001,19.500000,18.610001,18.870001,18.870001,17137000,16,8,24,21,25,9
7/15/19,91.599998,96.029999,91.150002,93.830002,93.830002,19775100,50.770000,52.220001,50.509998,50.889999,50.889999,3732400,33.669998,34.669998,33.060001,33.080002,32.736568,23017400,61.570000,63.270000,60.860001,60.910000,59.663872,36125600,52.349998,53.790001,51.900002,52.020000,51.468803,17760200,18.940001,19.590000,18.709999,18.910000,18.910000,18635800,17,8,22,20,23,9
7/22/19,94.070000,95.459999,92.959999,93.360001,93.360001,11635500,51.240002,55.209999,42.000000,43.560001,43.560001,17759500,33.220001,34.990002,31.160000,31.240000,30.915668,36872500,61.450001,63.439999,61.060001,62.160000,60.888302,27166900,52.310001,55.939999,52.270000,53.250000,52.685772,26243200,18.990000,19.830000,18.700001,19.379999,19.379999,28152200,15,8,22,19,23,9
7/29/19,93.440002,94.050003,88.830002,89.430000,89.430000,10600100,43.389999,43.830002,41.580002,42.110001,42.110001,7967400,30.969999,31.190001,29.070000,29.450001,29.144255,33012400,61.980000,62.720001,59.480000,60.130001,59.278015,24689300,53.150002,53.689999,50.250000,50.619999,50.083633,19296300,19.400000,19.610001,18.850000,19.030001,19.030001,22715400,16,8,21,20,23,9
8/5/19,88.879997,88.879997,84.029999,86.980003,86.980003,11970400,41.590000,42.119999,39.740002,39.970001,39.970001,4821800,28.969999,29.389999,27.820000,28.780001,28.481209,30790000,59.369999,60.450001,57.029999,59.529999,58.686512,32229400,50.000000,50.799999,48.400002,50.450001,49.915440,18251200,18.809999,19.760000,18.549999,19.450001,19.450001,17520800,16,8,21,19,23,9
8/12/19,86.239998,86.279999,80.779999,82.940002,82.940002,13584600,39.560001,39.919998,37.110001,38.400002,38.400002,3691700,28.500000,28.510000,25.139999,25.790001,25.612024,49954100,59.070000,59.919998,56.700001,58.040001,57.217625,27193800,50.020000,50.950001,48.090000,49.790001,49.262432,14878100,19.270000,19.400000,17.910000,18.400000,18.400000,17135600,15,7,21,19,23,8
8/19/19,84.019997,85.870003,82.220001,82.529999,82.529999,10421100,38.980000,39.230000,37.110001,37.730000,37.730000,2832400,26.200001,26.980000,25.350000,25.420000,25.244576,37779100,58.680000,59.000000,55.840000,56.200001,55.403698,18389900,50.330002,51.939999,49.730000,50.560001,50.024273,16095800,18.549999,18.629999,17.190001,17.219999,17.219999,15233500,16,7,21,19,22,8
8/26/19,83.419998,85.680000,81.169998,84.309998,84.309998,12378700,38.060001,38.380001,35.889999,37.540001,37.540001,3987000,25.900000,26.830000,24.230000,26.309999,26.128435,35587200,56.759998,58.860001,55.570000,57.860001,57.040176,24751100,50.939999,53.189999,50.119999,52.320000,51.950283,15869300,17.350000,17.600000,16.530001,17.320000,17.320000,25918100,14,7,20,18,21,8
9/2/19,83.639999,87.440002,82.250000,86.300003,86.300003,10401900,36.900002,37.779999,35.090000,37.060001,37.060001,4266300,26.160000,28.230000,25.950001,27.790001,27.598223,24429800,57.439999,58.959999,56.650002,57.980000,57.158474,21744000,51.889999,53.150002,50.910000,52.139999,51.771557,13474700,17.219999,17.330000,16.250000,16.670000,16.670000,25012100,13,7,19,15,20,7
9/9/19,86.489998,91.839996,85.910004,91.349998,91.349998,11991700,35.590000,39.580002,34.529999,38.759998,38.759998,6783400,27.790001,30.340000,27.709999,29.950001,29.743317,38722200,57.980000,60.580002,57.560001,60.009998,59.159714,27050900,52.139999,56.349998,51.820000,55.790001,55.395763,19184100,16.680000,17.530001,16.520000,17.389999,17.389999,23968400,14,6,18,16,20,7
9/16/19,88.300003,91.260002,88.169998,89.089996,89.089996,14148400,37.490002,39.360001,37.320000,38.029999,38.029999,4969300,28.559999,29.250000,27.700001,27.990000,27.796841,46308700,58.029999,59.770000,57.250000,58.630001,57.799267,31518000,54.389999,56.490002,54.060001,54.490002,54.104950,24601300,16.809999,17.430000,16.770000,16.920000,16.920000,28235900,14,6,17,17,19,7
9/23/19,88.620003,90.300003,87.419998,88.139999,88.139999,9293900,36.910000,37.619999,36.160000,36.310001,36.310001,3891700,27.709999,27.879999,26.770000,27.010000,26.823605,27238500,58.310001,59.380001,57.560001,58.279999,57.454224,20819100,54.349998,55.340000,53.959999,54.340000,53.956013,14120800,16.900000,17.190001,16.549999,16.799999,16.799999,22310800,13,6,18,16,20,7
9/30/19,88.400002,90.190002,80.870003,84.290001,84.290001,13234400,36.500000,37.240002,32.970001,33.990002,33.990002,6302000,27.350000,27.660000,24.510000,25.830000,25.651749,40867500,58.509998,58.689999,51.810001,53.810001,53.047562,47048500,54.400002,54.900002,51.189999,52.790001,52.416962,19908200,16.870001,16.959999,15.870000,16.360001,16.360001,30421000,13,6,18,16,22,7
10/7/19,83.610001,89.129997,83.610001,87.150002,87.150002,12912900,34.389999,37.799999,33.080002,36.049999,36.049999,9105700,25.799999,28.020000,25.450001,27.360001,27.171190,37399000,53.750000,54.400002,51.070000,52.950001,52.199745,57953000,53.000000,54.610001,52.410000,53.919998,53.538975,16080300,16.900000,17.090000,16.379999,16.850000,16.850000,18426800,14,7,18,16,20,7
10/14/19,87.110001,90.839996,86.239998,90.089996,90.089996,19755500,35.959999,37.439999,35.330002,36.779999,36.779999,7843400,27.370001,28.809999,27.139999,28.219999,28.025253,28938300,52.049999,54.130001,51.970001,53.830002,53.067280,31946400,53.720001,54.779999,53.450001,53.480000,53.102085,21340100,16.860001,17.280001,16.719999,16.959999,16.959999,20285700,13,7,18,16,20,7
10/21/19,90.489998,91.839996,88.949997,91.639999,91.639999,10184300,37.369999,39.849998,36.299999,37.930000,37.930000,9378800,28.510000,30.889999,27.820000,30.860001,30.647036,54891900,54.189999,54.980000,53.480000,54.599998,53.826366,26460700,54.310001,57.099998,52.290001,56.740002,56.339054,31978700,17.129999,19.120001,17.080000,18.760000,18.760000,44710200,13,7,18,15,21,7
10/28/19,91.830002,92.800003,90.410004,91.650002,91.650002,9333900,38.209999,38.560001,36.869999,38.070000,38.070000,4530800,31.000000,31.670000,29.459999,30.559999,30.349104,44548100,54.720001,56.070000,54.410000,56.020000,55.636009,24673900,56.919998,57.900002,55.730000,56.259998,55.862442,15714200,19.080000,19.600000,19.049999,19.480000,19.480000,27303700,13,7,17,14,20,8
11/4/19,92.309998,95.160004,92.029999,93.440002,93.440002,9638200,38.619999,39.970001,38.250000,38.980000,38.980000,5147000,30.709999,31.580000,29.959999,30.760000,30.547728,28354200,56.750000,58.430000,56.419998,57.580002,57.185318,30775300,56.529999,58.500000,56.369999,58.180000,57.768875,13296600,19.430000,19.930000,19.309999,19.570000,19.570000,18569200,13,6,17,15,20,7
11/11/19,92.849998,93.879997,91.900002,92.510002,92.510002,7096200,38.860001,39.310001,37.049999,38.230000,38.230000,3314600,30.540001,30.750000,28.459999,28.860001,28.753740,28869500,57.259998,57.689999,56.070000,56.849998,56.460320,20460900,58.009998,58.410000,57.080002,57.790001,57.381630,10475600,19.620001,19.799999,19.209999,19.620001,19.620001,15385700,13,6,17,15,19,7
11/18/19,92.449997,93.720001,90.769997,91.779999,91.779999,9620300,38.139999,38.910000,37.389999,38.470001,38.470001,3361900,28.639999,29.379999,27.840000,28.680000,28.574404,32169300,56.779999,57.490002,55.119999,56.110001,55.725391,30546100,57.680000,58.049999,56.259998,57.009998,56.607140,11090500,19.530001,19.680000,18.600000,18.959999,18.959999,17249800,12,6,17,15,18,6
11/25/19,92.110001,93.669998,91.550003,92.800003,92.800003,6492100,38.720001,40.169998,38.540001,39.070000,39.070000,3029300,28.799999,29.330000,28.570000,28.740000,28.634182,17456600,56.389999,57.849998,55.689999,57.310001,56.917168,18426600,57.200001,57.950001,56.840000,57.639999,57.232689,7467200,18.959999,19.450001,18.910000,19.270000,19.270000,10529700,14,6,17,15,19,7
12/2/19,93.000000,93.620003,87.599998,88.580002,88.580002,10811800,39.930000,40.900002,37.560001,39.209999,39.209999,5730700,28.790001,28.990000,26.959999,27.730000,27.627901,30480300,57.250000,57.650002,54.540001,56.139999,55.755184,25728100,57.599998,57.799999,55.490002,55.939999,55.544704,15074700,19.260000,19.490000,18.719999,19.020000,19.020000,30390300,15,7,18,17,21,9
12/9/19,88.489998,89.900002,86.080002,87.580002,87.580002,11450300,39.020000,39.380001,37.630001,38.240002,38.240002,4147000,27.620001,28.129999,26.680000,27.480000,27.378820,33058200,55.990002,57.490002,54.950001,56.730000,56.341141,27781600,55.810001,55.939999,53.810001,54.150002,53.767357,16980200,18.950001,19.170000,18.400000,18.580000,18.580000,25098600,12,6,16,15,19,6
12/16/19,87.949997,89.989998,87.949997,89.279999,89.279999,11383900,39.000000,41.689999,38.759998,41.369999,41.369999,7913400,27.620001,29.049999,27.600000,29.040001,28.933079,36123600,57.169998,59.639999,57.150002,58.970001,58.565788,29632200,54.549999,55.110001,53.430000,54.630001,54.420555,22843600,18.670000,19.270000,18.660000,19.209999,19.209999,18680300,14,6,18,15,19,7
12/23/19,89.720001,90.099998,88.010002,88.370003,88.370003,5118800,41.450001,41.790001,40.130001,40.580002,40.580002,2979200,29.250000,29.809999,28.360001,28.440001,28.335287,24827700,59.169998,59.919998,58.790001,59.080002,58.675037,10727100,54.810001,56.090000,54.060001,54.320000,54.111744,14451200,19.290001,19.389999,18.809999,18.889999,18.889999,7616500,14,7,18,16,20,7
12/30/19,88.510002,90.570000,86.260002,87.900002,87.900002,10206300,40.619999,40.930000,38.330002,39.820000,39.820000,4590100,28.500000,29.299999,27.340000,27.650000,27.548195,29797100,59.250000,59.389999,56.910000,58.060001,57.662025,20233900,54.320000,54.869999,53.040001,54.349998,54.141628,12826500,18.900000,19.059999,18.100000,18.570000,18.570000,14747200,14,7,18,16,21,7
1/6/20,86.720001,88.720001,86.300003,87.309998,87.309998,13674400,39.299999,40.869999,39.009998,39.790001,39.790001,6103000,27.190001,28.230000,27.059999,27.320000,27.219410,37714200,56.990002,59.490002,56.660000,59.240002,58.833939,33202700,53.689999,54.820000,53.480000,53.939999,53.733200,19203100,18.350000,18.920000,18.200001,18.709999,18.709999,18227900,14,7,19,18,22,8
1/13/20,87.309998,90.099998,86.699997,89.699997,89.699997,14478600,39.650002,43.650002,39.400002,42.930000,42.930000,7749600,27.320000,28.719999,27.160000,28.400000,28.295433,34275400,59.029999,62.480000,59.029999,62.029999,61.604813,43542000,53.939999,55.680000,53.610001,55.009998,54.799095,20013500,18.709999,19.340000,18.420000,19.209999,19.209999,32058200,15,7,19,19,22,8
1/20/20,87.879997,88.000000,80.279999,81.900002,81.900002,31064000,42.459999,43.029999,40.650002,42.099998,42.099998,5413000,27.969999,28.990000,26.040001,27.639999,27.538231,69940900,61.250000,61.610001,57.840000,58.810001,58.406887,42452400,54.630001,56.560001,51.849998,56.549999,56.333191,26836700,19.150000,21.190001,18.610001,20.650000,20.650000,50490000,13,7,18,17,21,7
1/27/20,78.000000,78.470001,74.440002,74.800003,74.800003,32852100,41.099998,43.070000,40.470001,41.070000,41.070000,5264100,26.570000,27.790001,25.370001,26.840000,26.741179,64315100,56.490002,57.970001,55.430000,55.740002,55.357929,40397400,55.230000,58.189999,54.630001,54.980000,54.769211,31865100,20.180000,20.459999,19.639999,19.830000,19.830000,27927000,13,6,17,16,18,6
2/3/20,75.489998,82.720001,74.879997,79.480003,79.480003,25717500,41.250000,47.500000,41.250000,44.200001,44.200001,9692600,26.930000,29.450001,26.740000,28.379999,28.275507,41992100,56.200001,60.029999,56.000000,57.919998,57.522984,29493800,55.410000,58.009998,54.689999,57.259998,57.040470,17888800,19.980000,20.910000,19.850000,19.940001,19.940001,21368000,13,7,17,16,19,7
2/10/20,78.949997,82.599998,77.779999,79.550003,79.550003,15281900,43.980000,44.799999,43.160000,43.880001,43.880001,4767200,28.190001,30.780001,27.980000,29.200001,29.200001,48071600,57.540001,59.919998,57.430000,58.900002,58.496269,22498300,57.200001,58.830002,56.529999,57.970001,57.747749,12848500,19.900000,21.650000,19.879999,21.270000,21.270000,23196700,13,7,19,16,20,10
2/17/20,79.000000,81.669998,77.320000,78.010002,78.010002,14969000,43.660000,43.990002,40.389999,41.099998,41.099998,5425200,29.040001,29.350000,27.170000,27.820000,27.820000,40232800,58.869999,59.470001,56.869999,57.869999,57.473328,21625500,58.000000,58.340000,55.459999,56.529999,56.313271,10471100,21.190001,21.540001,20.309999,20.610001,20.610001,15204700,13,7,18,16,20,7
2/24/20,75.080002,76.180000,60.830002,61.590000,61.590000,43988100,39.119999,39.119999,27.980000,28.450001,28.450001,16216300,25.980000,26.110001,18.770000,19.049999,19.049999,132684100,54.830002,55.380001,45.029999,46.130001,46.130001,91615600,54.869999,54.990002,44.980000,46.189999,46.012913,48386300,19.920000,19.950001,15.420000,15.780000,15.780000,47084900,13,7,17,16,19,7
3/2/20,61.130001,63.529999,48.259998,52.099998,52.099998,63362100,28.360001,28.680000,19.040001,22.520000,22.520000,23967300,19.049999,19.790001,14.800000,15.970000,15.970000,217664400,46.220001,49.970001,42.869999,45.889999,45.889999,115552700,46.540001,48.389999,42.720001,45.730000,45.554676,46854500,15.820000,16.110001,13.010000,13.880000,13.880000,67259700,15,7,20,17,19,7
3/9/20,49.590000,54.330002,34.000000,41.639999,41.639999,82408800,20.700001,22.790001,13.440000,15.080000,15.080000,27044300,14.870000,17.670000,13.120000,14.310000,14.310000,255581100,43.040001,45.880001,33.459999,38.360001,38.360001,147404400,42.889999,45.849998,35.610001,41.279999,41.279999,60140300,13.400000,14.730000,10.200000,11.180000,11.180000,96187500,20,11,29,26,28,12
3/16/20,34.340000,39.369999,30.379999,35.470001,35.470001,28228900,13.090000,13.500000,10.920000,11.660000,11.660000,7623200,12.410000,16.200001,12.000000,15.920000,15.920000,84740100,32.799999,38.080002,31.230000,35.810001,35.810001,35517200,36.500000,39.450001,35.849998,37.520000,37.520000,15845500,9.810000,11.300000,9.320000,10.610000,10.610000,23339200,16,10,25,22,22,10